-- phpMyAdmin SQL Dump
-- version 5.2.0
-- https://www.phpmyadmin.net/
--
-- Máy chủ: 127.0.0.1
-- Thời gian đã tạo: Th8 04, 2023 lúc 10:40 AM
-- Phiên bản máy phục vụ: 10.4.27-MariaDB
-- Phiên bản PHP: 8.1.12

SET SQL_MODE = "NO_AUTO_VALUE_ON_ZERO";
START TRANSACTION;
SET time_zone = "+00:00";


/*!40101 SET @OLD_CHARACTER_SET_CLIENT=@@CHARACTER_SET_CLIENT */;
/*!40101 SET @OLD_CHARACTER_SET_RESULTS=@@CHARACTER_SET_RESULTS */;
/*!40101 SET @OLD_COLLATION_CONNECTION=@@COLLATION_CONNECTION */;
/*!40101 SET NAMES utf8mb4 */;

--
-- Cơ sở dữ liệu: `central_car_model`
--

-- --------------------------------------------------------

--
-- Cấu trúc bảng cho bảng `db_bill`
--

CREATE TABLE `db_bill` (
  `id_bill` int(11) NOT NULL,
  `id_user` varchar(250) DEFAULT NULL,
  `id_customer` int(11) DEFAULT NULL,
  `status` tinyint(1) NOT NULL DEFAULT 0 COMMENT '0 là chờ xác nhận 1 đang vận chuyển 2 là thành công 3 là hủy',
  `address` varchar(1000) NOT NULL COMMENT 'Địa chỉ giao hàng cuối cùng',
  `created_at` timestamp NOT NULL DEFAULT current_timestamp(),
  `update_at` timestamp NULL DEFAULT NULL ON UPDATE current_timestamp()
) ENGINE=InnoDB DEFAULT CHARSET=utf8mb4 COLLATE=utf8mb4_unicode_ci;

--
-- Đang đổ dữ liệu cho bảng `db_bill`
--

INSERT INTO `db_bill` (`id_bill`, `id_user`, `id_customer`, `status`, `address`, `created_at`, `update_at`) VALUES
(1, 'admin8', NULL, 3, '69 Lenin, Hoàng Mai, Hà Nội', '2023-08-04 08:22:49', NULL),
(2, NULL, 13, 2, '23 Nguyễn Huệ, Đắk Mil, Đắk Lắk', '2023-08-04 08:22:49', NULL),
(3, NULL, 14, 1, '60 Lenin, Tây Hồ, Hà Nội', '2023-08-04 08:22:49', NULL),
(4, NULL, 11, 2, '33 Hùng Vương, Hoàng Sa, Đà Nẵng', '2023-08-04 08:22:49', NULL),
(5, 'admin10', NULL, 3, '25 Nguyễn Tất Thành, Phong Điền, Cần Thơ', '2023-08-04 08:22:49', NULL),
(6, 'client4', NULL, 0, '37 Ngô Quyền, Hoàn Kiếm, Hà Nội', '2023-08-04 08:22:49', NULL),
(7, 'admin8', NULL, 2, '69 Lenin, Hoàng Mai, Hà Nội', '2023-08-04 08:22:49', NULL),
(8, NULL, 9, 1, '24 Quang Trung, Quận 2, Hồ Chí Minh', '2023-08-04 08:22:49', NULL),
(9, NULL, 5, 3, '100 Lenin, Thủ Đức, Hồ Chí Minh', '2023-08-04 08:22:49', NULL),
(10, NULL, 10, 2, '95 Quang Trung, Quận 2, Hồ Chí Minh', '2023-08-04 08:22:49', NULL),
(11, NULL, 8, 1, '23 Quang Trung, Cờ Đỏ, Cần Thơ', '2023-08-04 08:22:49', NULL),
(12, NULL, 13, 1, '23 Nguyễn Huệ, Đắk Mil, Đắk Lắk', '2023-08-04 08:22:49', NULL),
(13, NULL, 12, 2, '55 Quang Trung, Đống Đa, Hà Nội', '2023-08-04 08:22:49', NULL),
(14, NULL, 5, 3, '100 Lenin, Thủ Đức, Hồ Chí Minh', '2023-08-04 08:22:49', NULL),
(15, 'admin5', NULL, 1, '89 Trần Phú, Tây Hồ, Hà Nội', '2023-08-04 08:22:49', NULL),
(16, NULL, 2, 1, '57 Nguyễn Huệ, Bình Thạnh, Hồ Chí Minh', '2023-08-04 08:22:49', NULL),
(17, NULL, 14, 3, '60 Lenin, Tây Hồ, Hà Nội', '2023-08-04 08:22:49', NULL),
(18, NULL, 17, 0, '61 Quang Trung, Quận 7, Hồ Chí Minh', '2023-08-04 08:22:49', NULL),
(19, NULL, 2, 1, '57 Nguyễn Huệ, Bình Thạnh, Hồ Chí Minh', '2023-08-04 08:22:50', NULL),
(20, 'admin5', NULL, 0, '89 Trần Phú, Tây Hồ, Hà Nội', '2023-08-04 08:22:50', NULL);

-- --------------------------------------------------------

--
-- Cấu trúc bảng cho bảng `db_bill_detail`
--

CREATE TABLE `db_bill_detail` (
  `id_bill_detail` int(11) NOT NULL,
  `id_bill` int(11) NOT NULL,
  `id_product` int(11) NOT NULL,
  `quantity` int(11) NOT NULL,
  `cost` int(11) NOT NULL COMMENT 'Giá gốc tại thời điểm bỏ vào giỏ hàng',
  `sale` int(11) NOT NULL COMMENT 'Phần trăm giảm giá lúc bỏ sản phẩm vào giỏ hàng'
) ENGINE=InnoDB DEFAULT CHARSET=utf8mb4 COLLATE=utf8mb4_unicode_ci;

--
-- Đang đổ dữ liệu cho bảng `db_bill_detail`
--

INSERT INTO `db_bill_detail` (`id_bill_detail`, `id_bill`, `id_product`, `quantity`, `cost`, `sale`) VALUES
(1, 1, 3, 9, 2232000, 4),
(2, 1, 30, 7, 1184000, 20),
(3, 2, 27, 4, 1106000, 17),
(4, 3, 1, 2, 889000, 3),
(5, 3, 2, 7, 131000, 16),
(6, 4, 31, 9, 1436000, 9),
(7, 5, 12, 7, 843000, 15),
(8, 6, 36, 3, 792000, 19),
(9, 7, 22, 10, 1714000, 12),
(10, 7, 20, 9, 2454000, 7),
(11, 8, 48, 2, 2984000, 17),
(12, 8, 2, 5, 131000, 16),
(13, 9, 20, 3, 2454000, 7),
(14, 10, 30, 2, 1184000, 20),
(15, 10, 16, 2, 2204000, 14),
(16, 11, 31, 6, 1436000, 9),
(17, 11, 50, 7, 1803000, 20),
(18, 12, 20, 3, 2454000, 7),
(19, 12, 13, 6, 2068000, 17),
(20, 13, 26, 4, 802000, 0),
(21, 13, 25, 6, 539000, 17),
(22, 14, 15, 10, 1212000, 16),
(23, 14, 50, 6, 1803000, 20),
(24, 15, 9, 2, 677000, 8),
(25, 16, 15, 3, 1212000, 16),
(26, 17, 3, 6, 2232000, 4),
(27, 17, 33, 9, 138000, 13),
(28, 18, 48, 4, 2984000, 17),
(29, 18, 33, 6, 138000, 13),
(30, 19, 3, 10, 2232000, 4),
(31, 19, 8, 4, 1142000, 2),
(32, 20, 43, 5, 2496000, 12);

-- --------------------------------------------------------

--
-- Cấu trúc bảng cho bảng `db_comment`
--

CREATE TABLE `db_comment` (
  `id_comment` int(11) NOT NULL,
  `id_user` varchar(250) NOT NULL,
  `id_product` int(11) NOT NULL,
  `content` varchar(2000) NOT NULL,
  `created_at` timestamp NOT NULL DEFAULT current_timestamp(),
  `updated_at` timestamp NULL DEFAULT NULL ON UPDATE current_timestamp()
) ENGINE=InnoDB DEFAULT CHARSET=utf8mb4 COLLATE=utf8mb4_unicode_ci;

--
-- Đang đổ dữ liệu cho bảng `db_comment`
--

INSERT INTO `db_comment` (`id_comment`, `id_user`, `id_product`, `content`, `created_at`, `updated_at`) VALUES
(1, 'client6', 47, 'Shop check inbox em với', '2023-08-04 08:22:58', NULL),
(2, 'admin9', 40, 'Sản phẩm vô cùng chất lượng', '2023-08-04 08:22:58', NULL),
(3, 'admin8', 28, 'Shop check inbox em với', '2023-08-04 08:22:58', NULL),
(4, 'admin9', 44, 'Sản phẩm đẹp lắm', '2023-08-04 08:22:58', NULL),
(5, 'admin8', 13, 'Giao hàng nhanh chất lượng sản phẩm ok, cánh cửa xe hơi lỏng lẻo', '2023-08-04 08:22:58', NULL),
(6, 'admin7', 28, 'Giao hàng nhanh chất lượng sản phẩm ok, cánh cửa xe hơi lỏng lẻo', '2023-08-04 08:22:58', NULL),
(7, 'client1', 27, 'Khi nào thì có hàng lại vậy ạ', '2023-08-04 08:22:58', NULL),
(8, 'admin7', 24, 'Giao hàng nhanh. Sản phẩm giống hình, chất lượng tốt. Nên mua', '2023-08-04 08:22:58', NULL),
(9, 'admin10', 6, 'Giao hàng nhanh. Sản phẩm giống hình, chất lượng tốt. Nên mua', '2023-08-04 08:22:58', NULL),
(10, 'admin5', 14, 'Khi nào thì có hàng lại vậy ạ', '2023-08-04 08:22:58', NULL),
(11, 'client2', 48, 'Xe bằng kim loại,hơi bé so với tưởng tượng.Tạm chấp nhận được.', '2023-08-04 08:22:58', NULL),
(12, 'admin10', 47, 'Xe rất đẹp, nặng tay, âm thanh khá hay. Màu sơn đẹp, Nói chung là rất đáng đồng tiền.', '2023-08-04 08:22:58', NULL),
(13, 'admin3', 35, 'Giao hàng nhanh chất lượng sản phẩm ok, cánh cửa xe hơi lỏng lẻo', '2023-08-04 08:22:58', NULL),
(14, 'client6', 3, 'Xe bằng kim loại,hơi bé so với tưởng tượng.Tạm chấp nhận được.', '2023-08-04 08:22:58', NULL),
(15, 'admin3', 3, 'Xe giá này là quá ok rùi mn ạ vừa tiền mà để trang trí bày đẹp lắm ý nên mua nha', '2023-08-04 08:22:58', NULL),
(16, 'admin5', 6, 'Xe bằng kim loại,hơi bé so với tưởng tượng.Tạm chấp nhận được.', '2023-08-04 08:22:58', NULL),
(17, 'client1', 47, 'Sản phẩm đẹp lắm', '2023-08-04 08:22:58', NULL),
(18, 'client1', 20, 'Xe rất đẹp, nặng tay, âm thanh khá hay. Màu sơn đẹp, Nói chung là rất đáng đồng tiền.', '2023-08-04 08:22:58', NULL),
(19, 'admin9', 27, 'Giao hàng nhanh chất lượng sản phẩm ok, cánh cửa xe hơi lỏng lẻo', '2023-08-04 08:22:58', NULL),
(20, 'client2', 3, 'Sản phẩm vô cùng chất lượng', '2023-08-04 08:22:58', NULL),
(21, 'admin9', 21, 'Xe rất đẹp, nặng tay, âm thanh khá hay. Màu sơn đẹp, Nói chung là rất đáng đồng tiền.', '2023-08-04 08:22:58', NULL),
(22, 'admin9', 22, 'Giao hàng nhanh chất lượng sản phẩm ok, cánh cửa xe hơi lỏng lẻo', '2023-08-04 08:22:58', NULL),
(23, 'client1', 38, 'Xe rất đẹp, nặng tay, âm thanh khá hay. Màu sơn đẹp, Nói chung là rất đáng đồng tiền.', '2023-08-04 08:22:58', NULL),
(24, 'admin3', 6, 'Giao hàng nhanh chất lượng sản phẩm ok, cánh cửa xe hơi lỏng lẻo', '2023-08-04 08:22:58', NULL),
(25, 'admin8', 42, 'Sản phẩm đẹp lắm', '2023-08-04 08:22:58', NULL),
(26, 'client4', 35, 'Xe bằng kim loại,hơi bé so với tưởng tượng.Tạm chấp nhận được.', '2023-08-04 08:22:58', NULL),
(27, 'admin7', 28, 'Khi nào thì có hàng lại vậy ạ', '2023-08-04 08:22:59', NULL),
(28, 'client2', 44, 'Xe bằng kim loại,hơi bé so với tưởng tượng.Tạm chấp nhận được.', '2023-08-04 08:22:59', NULL),
(29, 'admin10', 38, 'Sản phẩm đẹp lắm', '2023-08-04 08:22:59', NULL),
(30, 'admin5', 36, 'Shop check inbox em với', '2023-08-04 08:22:59', NULL),
(31, 'admin7', 26, 'Shop check inbox em với', '2023-08-04 08:22:59', NULL),
(32, 'client6', 50, 'Hàng ok lắm mn nhé, đầm mà chắc tay lắm ạ, sẽ ủng hộ lần tiếp theo', '2023-08-04 08:22:59', NULL),
(33, 'admin3', 48, 'Giao hàng nhanh. Sản phẩm giống hình, chất lượng tốt. Nên mua', '2023-08-04 08:22:59', NULL),
(34, 'client4', 9, 'Khi nào thì có hàng lại vậy ạ', '2023-08-04 08:22:59', NULL),
(35, 'client6', 31, 'Shop check inbox em với', '2023-08-04 08:22:59', NULL),
(36, 'admin10', 17, 'Shop check inbox em với', '2023-08-04 08:22:59', NULL),
(37, 'client1', 31, 'Giao hàng nhanh chất lượng sản phẩm ok, cánh cửa xe hơi lỏng lẻo', '2023-08-04 08:22:59', NULL),
(38, 'admin7', 1, 'Giao hàng nhanh. Sản phẩm giống hình, chất lượng tốt. Nên mua', '2023-08-04 08:22:59', NULL),
(39, 'admin5', 19, 'Sản phẩm đẹp lắm', '2023-08-04 08:22:59', NULL),
(40, 'admin10', 44, 'Xe bằng kim loại,hơi bé so với tưởng tượng.Tạm chấp nhận được.', '2023-08-04 08:22:59', NULL),
(41, 'admin7', 44, 'Khi nào thì có hàng lại vậy ạ', '2023-08-04 08:22:59', NULL),
(42, 'admin10', 9, 'Xe bằng kim loại,hơi bé so với tưởng tượng.Tạm chấp nhận được.', '2023-08-04 08:22:59', NULL),
(43, 'admin7', 30, 'Sản phẩm đẹp lắm', '2023-08-04 08:22:59', NULL),
(44, 'admin10', 25, 'Giao hàng nhanh. Sản phẩm giống hình, chất lượng tốt. Nên mua', '2023-08-04 08:22:59', NULL),
(45, 'client6', 36, 'Khi nào thì có hàng lại vậy ạ', '2023-08-04 08:22:59', NULL),
(46, 'client1', 14, 'Xe rất đẹp, nặng tay, âm thanh khá hay. Màu sơn đẹp, Nói chung là rất đáng đồng tiền.', '2023-08-04 08:22:59', NULL),
(47, 'admin8', 11, 'Sản phẩm đẹp lắm', '2023-08-04 08:22:59', NULL),
(48, 'client4', 29, 'Sản phẩm đẹp lắm', '2023-08-04 08:22:59', NULL),
(49, 'admin7', 14, 'Xe giá này là quá ok rùi mn ạ vừa tiền mà để trang trí bày đẹp lắm ý nên mua nha', '2023-08-04 08:22:59', NULL),
(50, 'admin9', 38, 'Xe rất đẹp, nặng tay, âm thanh khá hay. Màu sơn đẹp, Nói chung là rất đáng đồng tiền.', '2023-08-04 08:22:59', NULL),
(51, 'admin10', 5, 'Hàng ok lắm mn nhé, đầm mà chắc tay lắm ạ, sẽ ủng hộ lần tiếp theo', '2023-08-04 08:22:59', NULL),
(52, 'admin7', 30, 'Sản phẩm đẹp lắm', '2023-08-04 08:22:59', NULL),
(53, 'admin9', 42, 'Xe rất đẹp, nặng tay, âm thanh khá hay. Màu sơn đẹp, Nói chung là rất đáng đồng tiền.', '2023-08-04 08:22:59', NULL),
(54, 'admin5', 11, 'Giao hàng nhanh. Sản phẩm giống hình, chất lượng tốt. Nên mua', '2023-08-04 08:22:59', NULL),
(55, 'admin10', 45, 'Xe rất đẹp, nặng tay, âm thanh khá hay. Màu sơn đẹp, Nói chung là rất đáng đồng tiền.', '2023-08-04 08:22:59', NULL),
(56, 'admin3', 13, 'Giao hàng nhanh. Sản phẩm giống hình, chất lượng tốt. Nên mua', '2023-08-04 08:22:59', NULL),
(57, 'admin5', 18, 'Xe bằng kim loại,hơi bé so với tưởng tượng.Tạm chấp nhận được.', '2023-08-04 08:22:59', NULL),
(58, 'admin8', 36, 'Shop check inbox em với', '2023-08-04 08:22:59', NULL),
(59, 'client6', 9, 'Xe rất đẹp, nặng tay, âm thanh khá hay. Màu sơn đẹp, Nói chung là rất đáng đồng tiền.', '2023-08-04 08:22:59', NULL),
(60, 'client1', 16, 'Giao hàng nhanh chất lượng sản phẩm ok, cánh cửa xe hơi lỏng lẻo', '2023-08-04 08:22:59', NULL),
(61, 'admin10', 25, 'Khi nào thì có hàng lại vậy ạ', '2023-08-04 08:23:00', NULL),
(62, 'client4', 30, 'Sản phẩm vô cùng chất lượng', '2023-08-04 08:23:00', NULL),
(63, 'admin7', 34, 'Khi nào thì có hàng lại vậy ạ', '2023-08-04 08:23:00', NULL),
(64, 'admin8', 17, 'Giao hàng nhanh chất lượng sản phẩm ok, cánh cửa xe hơi lỏng lẻo', '2023-08-04 08:23:00', NULL),
(65, 'client2', 25, 'Khi nào thì có hàng lại vậy ạ', '2023-08-04 08:23:00', NULL),
(66, 'client2', 34, 'Shop check inbox em với', '2023-08-04 08:23:00', NULL),
(67, 'client2', 4, 'Xe rất đẹp, nặng tay, âm thanh khá hay. Màu sơn đẹp, Nói chung là rất đáng đồng tiền.', '2023-08-04 08:23:00', NULL),
(68, 'client2', 37, 'Xe bằng kim loại,hơi bé so với tưởng tượng.Tạm chấp nhận được.', '2023-08-04 08:23:00', NULL),
(69, 'admin5', 50, 'Xe rất đẹp, nặng tay, âm thanh khá hay. Màu sơn đẹp, Nói chung là rất đáng đồng tiền.', '2023-08-04 08:23:00', NULL),
(70, 'client2', 28, 'Giao hàng nhanh chất lượng sản phẩm ok, cánh cửa xe hơi lỏng lẻo', '2023-08-04 08:23:00', NULL),
(71, 'client1', 4, 'Hàng ok lắm mn nhé, đầm mà chắc tay lắm ạ, sẽ ủng hộ lần tiếp theo', '2023-08-04 08:23:00', NULL),
(72, 'admin8', 13, 'Shop check inbox em với', '2023-08-04 08:23:00', NULL),
(73, 'client6', 34, 'Sản phẩm vô cùng chất lượng', '2023-08-04 08:23:00', NULL),
(74, 'client4', 31, 'Xe bằng kim loại,hơi bé so với tưởng tượng.Tạm chấp nhận được.', '2023-08-04 08:23:00', NULL),
(75, 'admin9', 4, 'Shop check inbox em với', '2023-08-04 08:23:00', NULL),
(76, 'client4', 7, 'Xe rất đẹp, nặng tay, âm thanh khá hay. Màu sơn đẹp, Nói chung là rất đáng đồng tiền.', '2023-08-04 08:23:00', NULL),
(77, 'client4', 30, 'Xe bằng kim loại,hơi bé so với tưởng tượng.Tạm chấp nhận được.', '2023-08-04 08:23:00', NULL),
(78, 'client4', 23, 'Giao hàng nhanh. Sản phẩm giống hình, chất lượng tốt. Nên mua', '2023-08-04 08:23:00', NULL),
(79, 'admin8', 30, 'Xe giá này là quá ok rùi mn ạ vừa tiền mà để trang trí bày đẹp lắm ý nên mua nha', '2023-08-04 08:23:00', NULL),
(80, 'admin3', 27, 'Xe rất đẹp, nặng tay, âm thanh khá hay. Màu sơn đẹp, Nói chung là rất đáng đồng tiền.', '2023-08-04 08:23:00', NULL),
(81, 'admin9', 22, 'Giao hàng nhanh. Sản phẩm giống hình, chất lượng tốt. Nên mua', '2023-08-04 08:23:00', NULL),
(82, 'admin10', 7, 'Giao hàng nhanh chất lượng sản phẩm ok, cánh cửa xe hơi lỏng lẻo', '2023-08-04 08:23:00', NULL),
(83, 'admin8', 32, 'Hàng ok lắm mn nhé, đầm mà chắc tay lắm ạ, sẽ ủng hộ lần tiếp theo', '2023-08-04 08:23:00', NULL),
(84, 'admin9', 35, 'Hàng ok lắm mn nhé, đầm mà chắc tay lắm ạ, sẽ ủng hộ lần tiếp theo', '2023-08-04 08:23:00', NULL),
(85, 'client1', 38, 'Sản phẩm vô cùng chất lượng', '2023-08-04 08:23:00', NULL),
(86, 'client6', 15, 'Hàng ok lắm mn nhé, đầm mà chắc tay lắm ạ, sẽ ủng hộ lần tiếp theo', '2023-08-04 08:23:00', NULL),
(87, 'client1', 13, 'Xe bằng kim loại,hơi bé so với tưởng tượng.Tạm chấp nhận được.', '2023-08-04 08:23:00', NULL),
(88, 'client4', 15, 'Sản phẩm vô cùng chất lượng', '2023-08-04 08:23:00', NULL),
(89, 'admin5', 35, 'Xe bằng kim loại,hơi bé so với tưởng tượng.Tạm chấp nhận được.', '2023-08-04 08:23:00', NULL),
(90, 'client6', 38, 'Xe rất đẹp, nặng tay, âm thanh khá hay. Màu sơn đẹp, Nói chung là rất đáng đồng tiền.', '2023-08-04 08:23:00', NULL),
(91, 'client4', 46, 'Shop check inbox em với', '2023-08-04 08:23:00', NULL),
(92, 'client2', 3, 'Hàng ok lắm mn nhé, đầm mà chắc tay lắm ạ, sẽ ủng hộ lần tiếp theo', '2023-08-04 08:23:00', NULL),
(93, 'admin5', 20, 'Sản phẩm đẹp lắm', '2023-08-04 08:23:00', NULL),
(94, 'admin7', 4, 'Khi nào thì có hàng lại vậy ạ', '2023-08-04 08:23:00', NULL),
(95, 'client4', 42, 'Shop check inbox em với', '2023-08-04 08:23:01', NULL),
(96, 'client4', 5, 'Khi nào thì có hàng lại vậy ạ', '2023-08-04 08:23:01', NULL),
(97, 'admin5', 40, 'Sản phẩm vô cùng chất lượng', '2023-08-04 08:23:01', NULL),
(98, 'client4', 16, 'Giao hàng nhanh. Sản phẩm giống hình, chất lượng tốt. Nên mua', '2023-08-04 08:23:01', NULL),
(99, 'client1', 2, 'Xe giá này là quá ok rùi mn ạ vừa tiền mà để trang trí bày đẹp lắm ý nên mua nha', '2023-08-04 08:23:01', NULL),
(100, 'client6', 1, 'Xe rất đẹp, nặng tay, âm thanh khá hay. Màu sơn đẹp, Nói chung là rất đáng đồng tiền.', '2023-08-04 08:23:01', NULL),
(101, 'client4', 22, 'Xe rất đẹp, nặng tay, âm thanh khá hay. Màu sơn đẹp, Nói chung là rất đáng đồng tiền.', '2023-08-04 08:23:01', NULL),
(102, 'admin3', 9, 'Hàng ok lắm mn nhé, đầm mà chắc tay lắm ạ, sẽ ủng hộ lần tiếp theo', '2023-08-04 08:23:01', NULL),
(103, 'admin9', 39, 'Xe giá này là quá ok rùi mn ạ vừa tiền mà để trang trí bày đẹp lắm ý nên mua nha', '2023-08-04 08:23:01', NULL),
(104, 'admin5', 40, 'Khi nào thì có hàng lại vậy ạ', '2023-08-04 08:23:01', NULL),
(105, 'client2', 28, 'Xe rất đẹp, nặng tay, âm thanh khá hay. Màu sơn đẹp, Nói chung là rất đáng đồng tiền.', '2023-08-04 08:23:01', NULL),
(106, 'client2', 23, 'Sản phẩm vô cùng chất lượng', '2023-08-04 08:23:01', NULL),
(107, 'client1', 12, 'Hàng ok lắm mn nhé, đầm mà chắc tay lắm ạ, sẽ ủng hộ lần tiếp theo', '2023-08-04 08:23:01', NULL),
(108, 'admin10', 22, 'Shop check inbox em với', '2023-08-04 08:23:01', NULL),
(109, 'admin3', 13, 'Xe giá này là quá ok rùi mn ạ vừa tiền mà để trang trí bày đẹp lắm ý nên mua nha', '2023-08-04 08:23:01', NULL),
(110, 'admin8', 39, 'Xe giá này là quá ok rùi mn ạ vừa tiền mà để trang trí bày đẹp lắm ý nên mua nha', '2023-08-04 08:23:01', NULL),
(111, 'client4', 49, 'Sản phẩm vô cùng chất lượng', '2023-08-04 08:23:01', NULL),
(112, 'admin7', 33, 'Giao hàng nhanh chất lượng sản phẩm ok, cánh cửa xe hơi lỏng lẻo', '2023-08-04 08:23:01', NULL),
(113, 'client1', 19, 'Sản phẩm vô cùng chất lượng', '2023-08-04 08:23:01', NULL),
(114, 'client2', 8, 'Xe rất đẹp, nặng tay, âm thanh khá hay. Màu sơn đẹp, Nói chung là rất đáng đồng tiền.', '2023-08-04 08:23:01', NULL),
(115, 'admin10', 7, 'Xe bằng kim loại,hơi bé so với tưởng tượng.Tạm chấp nhận được.', '2023-08-04 08:23:01', NULL),
(116, 'admin8', 48, 'Hàng ok lắm mn nhé, đầm mà chắc tay lắm ạ, sẽ ủng hộ lần tiếp theo', '2023-08-04 08:23:01', NULL),
(117, 'admin5', 33, 'Hàng ok lắm mn nhé, đầm mà chắc tay lắm ạ, sẽ ủng hộ lần tiếp theo', '2023-08-04 08:23:01', NULL),
(118, 'admin8', 38, 'Sản phẩm đẹp lắm', '2023-08-04 08:23:01', NULL),
(119, 'client1', 6, 'Khi nào thì có hàng lại vậy ạ', '2023-08-04 08:23:01', NULL),
(120, 'client4', 14, 'Sản phẩm vô cùng chất lượng', '2023-08-04 08:23:01', NULL),
(121, 'client2', 15, 'Xe rất đẹp, nặng tay, âm thanh khá hay. Màu sơn đẹp, Nói chung là rất đáng đồng tiền.', '2023-08-04 08:23:01', NULL),
(122, 'client1', 23, 'Sản phẩm đẹp lắm', '2023-08-04 08:23:01', NULL),
(123, 'admin5', 17, 'Hàng ok lắm mn nhé, đầm mà chắc tay lắm ạ, sẽ ủng hộ lần tiếp theo', '2023-08-04 08:23:01', NULL),
(124, 'client4', 6, 'Giao hàng nhanh. Sản phẩm giống hình, chất lượng tốt. Nên mua', '2023-08-04 08:23:01', NULL),
(125, 'admin7', 3, 'Xe rất đẹp, nặng tay, âm thanh khá hay. Màu sơn đẹp, Nói chung là rất đáng đồng tiền.', '2023-08-04 08:23:01', NULL),
(126, 'admin10', 30, 'Hàng ok lắm mn nhé, đầm mà chắc tay lắm ạ, sẽ ủng hộ lần tiếp theo', '2023-08-04 08:23:01', NULL),
(127, 'admin9', 43, 'Hàng ok lắm mn nhé, đầm mà chắc tay lắm ạ, sẽ ủng hộ lần tiếp theo', '2023-08-04 08:23:02', NULL),
(128, 'admin5', 29, 'Hàng ok lắm mn nhé, đầm mà chắc tay lắm ạ, sẽ ủng hộ lần tiếp theo', '2023-08-04 08:23:02', NULL),
(129, 'admin8', 1, 'Sản phẩm vô cùng chất lượng', '2023-08-04 08:23:02', NULL),
(130, 'admin10', 20, 'Xe giá này là quá ok rùi mn ạ vừa tiền mà để trang trí bày đẹp lắm ý nên mua nha', '2023-08-04 08:23:02', NULL),
(131, 'admin10', 48, 'Sản phẩm vô cùng chất lượng', '2023-08-04 08:23:02', NULL),
(132, 'admin5', 40, 'Shop check inbox em với', '2023-08-04 08:23:02', NULL),
(133, 'client1', 25, 'Sản phẩm vô cùng chất lượng', '2023-08-04 08:23:02', NULL),
(134, 'admin9', 29, 'Sản phẩm đẹp lắm', '2023-08-04 08:23:02', NULL),
(135, 'admin9', 2, 'Giao hàng nhanh chất lượng sản phẩm ok, cánh cửa xe hơi lỏng lẻo', '2023-08-04 08:23:02', NULL),
(136, 'admin8', 32, 'Giao hàng nhanh chất lượng sản phẩm ok, cánh cửa xe hơi lỏng lẻo', '2023-08-04 08:23:02', NULL),
(137, 'client2', 2, 'Hàng ok lắm mn nhé, đầm mà chắc tay lắm ạ, sẽ ủng hộ lần tiếp theo', '2023-08-04 08:23:02', NULL),
(138, 'client2', 45, 'Khi nào thì có hàng lại vậy ạ', '2023-08-04 08:23:02', NULL),
(139, 'admin3', 28, 'Xe bằng kim loại,hơi bé so với tưởng tượng.Tạm chấp nhận được.', '2023-08-04 08:23:02', NULL),
(140, 'client2', 25, 'Giao hàng nhanh. Sản phẩm giống hình, chất lượng tốt. Nên mua', '2023-08-04 08:23:02', NULL),
(141, 'client2', 32, 'Sản phẩm đẹp lắm', '2023-08-04 08:23:02', NULL),
(142, 'client6', 43, 'Sản phẩm vô cùng chất lượng', '2023-08-04 08:23:02', NULL),
(143, 'admin10', 47, 'Shop check inbox em với', '2023-08-04 08:23:02', NULL),
(144, 'client4', 3, 'Sản phẩm vô cùng chất lượng', '2023-08-04 08:23:02', NULL),
(145, 'admin8', 10, 'Giao hàng nhanh. Sản phẩm giống hình, chất lượng tốt. Nên mua', '2023-08-04 08:23:02', NULL),
(146, 'admin5', 18, 'Sản phẩm vô cùng chất lượng', '2023-08-04 08:23:02', NULL),
(147, 'client1', 13, 'Giao hàng nhanh chất lượng sản phẩm ok, cánh cửa xe hơi lỏng lẻo', '2023-08-04 08:23:02', NULL),
(148, 'admin8', 38, 'Giao hàng nhanh. Sản phẩm giống hình, chất lượng tốt. Nên mua', '2023-08-04 08:23:02', NULL),
(149, 'client1', 25, 'Giao hàng nhanh. Sản phẩm giống hình, chất lượng tốt. Nên mua', '2023-08-04 08:23:02', NULL),
(150, 'client2', 21, 'Xe bằng kim loại,hơi bé so với tưởng tượng.Tạm chấp nhận được.', '2023-08-04 08:23:02', NULL),
(151, 'client1', 50, 'Sản phẩm đẹp lắm', '2023-08-04 08:23:02', NULL),
(152, 'admin9', 4, 'Shop check inbox em với', '2023-08-04 08:23:02', NULL),
(153, 'client1', 3, 'Shop check inbox em với', '2023-08-04 08:23:02', NULL),
(154, 'admin9', 20, 'Khi nào thì có hàng lại vậy ạ', '2023-08-04 08:23:02', NULL),
(155, 'client2', 23, 'Xe giá này là quá ok rùi mn ạ vừa tiền mà để trang trí bày đẹp lắm ý nên mua nha', '2023-08-04 08:23:02', NULL),
(156, 'client2', 7, 'Sản phẩm đẹp lắm', '2023-08-04 08:23:02', NULL),
(157, 'client6', 11, 'Xe giá này là quá ok rùi mn ạ vừa tiền mà để trang trí bày đẹp lắm ý nên mua nha', '2023-08-04 08:23:02', NULL),
(158, 'admin9', 49, 'Sản phẩm đẹp lắm', '2023-08-04 08:23:02', NULL),
(159, 'admin9', 39, 'Xe rất đẹp, nặng tay, âm thanh khá hay. Màu sơn đẹp, Nói chung là rất đáng đồng tiền.', '2023-08-04 08:23:03', NULL),
(160, 'client2', 20, 'Sản phẩm vô cùng chất lượng', '2023-08-04 08:23:03', NULL),
(161, 'admin10', 34, 'Xe bằng kim loại,hơi bé so với tưởng tượng.Tạm chấp nhận được.', '2023-08-04 08:23:03', NULL),
(162, 'admin9', 40, 'Xe bằng kim loại,hơi bé so với tưởng tượng.Tạm chấp nhận được.', '2023-08-04 08:23:03', NULL),
(163, 'admin5', 15, 'Shop check inbox em với', '2023-08-04 08:23:03', NULL),
(164, 'admin5', 28, 'Hàng ok lắm mn nhé, đầm mà chắc tay lắm ạ, sẽ ủng hộ lần tiếp theo', '2023-08-04 08:23:03', NULL),
(165, 'client1', 18, 'Xe bằng kim loại,hơi bé so với tưởng tượng.Tạm chấp nhận được.', '2023-08-04 08:23:03', NULL),
(166, 'admin9', 41, 'Giao hàng nhanh chất lượng sản phẩm ok, cánh cửa xe hơi lỏng lẻo', '2023-08-04 08:23:03', NULL),
(167, 'client6', 39, 'Giao hàng nhanh. Sản phẩm giống hình, chất lượng tốt. Nên mua', '2023-08-04 08:23:03', NULL),
(168, 'client4', 32, 'Xe rất đẹp, nặng tay, âm thanh khá hay. Màu sơn đẹp, Nói chung là rất đáng đồng tiền.', '2023-08-04 08:23:03', NULL),
(169, 'client2', 35, 'Khi nào thì có hàng lại vậy ạ', '2023-08-04 08:23:03', NULL),
(170, 'client2', 11, 'Khi nào thì có hàng lại vậy ạ', '2023-08-04 08:23:03', NULL),
(171, 'admin8', 10, 'Sản phẩm vô cùng chất lượng', '2023-08-04 08:23:03', NULL),
(172, 'client4', 46, 'Khi nào thì có hàng lại vậy ạ', '2023-08-04 08:23:03', NULL),
(173, 'client2', 11, 'Shop check inbox em với', '2023-08-04 08:23:03', NULL),
(174, 'admin3', 8, 'Xe rất đẹp, nặng tay, âm thanh khá hay. Màu sơn đẹp, Nói chung là rất đáng đồng tiền.', '2023-08-04 08:23:03', NULL),
(175, 'admin9', 49, 'Xe rất đẹp, nặng tay, âm thanh khá hay. Màu sơn đẹp, Nói chung là rất đáng đồng tiền.', '2023-08-04 08:23:03', NULL),
(176, 'admin9', 7, 'Sản phẩm vô cùng chất lượng', '2023-08-04 08:23:03', NULL),
(177, 'admin5', 47, 'Sản phẩm vô cùng chất lượng', '2023-08-04 08:23:03', NULL),
(178, 'client6', 15, 'Hàng ok lắm mn nhé, đầm mà chắc tay lắm ạ, sẽ ủng hộ lần tiếp theo', '2023-08-04 08:23:03', NULL),
(179, 'client4', 19, 'Xe rất đẹp, nặng tay, âm thanh khá hay. Màu sơn đẹp, Nói chung là rất đáng đồng tiền.', '2023-08-04 08:23:03', NULL),
(180, 'client4', 48, 'Shop check inbox em với', '2023-08-04 08:23:03', NULL),
(181, 'admin5', 26, 'Sản phẩm vô cùng chất lượng', '2023-08-04 08:23:03', NULL),
(182, 'admin7', 29, 'Khi nào thì có hàng lại vậy ạ', '2023-08-04 08:23:03', NULL),
(183, 'admin8', 20, 'Sản phẩm vô cùng chất lượng', '2023-08-04 08:23:03', NULL),
(184, 'admin9', 38, 'Xe bằng kim loại,hơi bé so với tưởng tượng.Tạm chấp nhận được.', '2023-08-04 08:23:03', NULL),
(185, 'admin10', 20, 'Giao hàng nhanh chất lượng sản phẩm ok, cánh cửa xe hơi lỏng lẻo', '2023-08-04 08:23:03', NULL),
(186, 'client1', 34, 'Hàng ok lắm mn nhé, đầm mà chắc tay lắm ạ, sẽ ủng hộ lần tiếp theo', '2023-08-04 08:23:03', NULL),
(187, 'admin10', 1, 'Shop check inbox em với', '2023-08-04 08:23:03', NULL),
(188, 'admin5', 11, 'Giao hàng nhanh. Sản phẩm giống hình, chất lượng tốt. Nên mua', '2023-08-04 08:23:03', NULL),
(189, 'client6', 32, 'Khi nào thì có hàng lại vậy ạ', '2023-08-04 08:23:03', NULL),
(190, 'admin5', 8, 'Sản phẩm vô cùng chất lượng', '2023-08-04 08:23:03', NULL),
(191, 'admin7', 8, 'Sản phẩm vô cùng chất lượng', '2023-08-04 08:23:03', NULL),
(192, 'admin3', 1, 'Shop check inbox em với', '2023-08-04 08:23:04', NULL),
(193, 'client6', 30, 'Xe rất đẹp, nặng tay, âm thanh khá hay. Màu sơn đẹp, Nói chung là rất đáng đồng tiền.', '2023-08-04 08:23:04', NULL),
(194, 'admin3', 2, 'Khi nào thì có hàng lại vậy ạ', '2023-08-04 08:23:04', NULL),
(195, 'client4', 1, 'Khi nào thì có hàng lại vậy ạ', '2023-08-04 08:23:04', NULL),
(196, 'admin10', 30, 'Giao hàng nhanh chất lượng sản phẩm ok, cánh cửa xe hơi lỏng lẻo', '2023-08-04 08:23:04', NULL),
(197, 'admin8', 37, 'Hàng ok lắm mn nhé, đầm mà chắc tay lắm ạ, sẽ ủng hộ lần tiếp theo', '2023-08-04 08:23:04', NULL),
(198, 'admin7', 27, 'Xe bằng kim loại,hơi bé so với tưởng tượng.Tạm chấp nhận được.', '2023-08-04 08:23:04', NULL),
(199, 'admin3', 21, 'Sản phẩm đẹp lắm', '2023-08-04 08:23:04', NULL),
(200, 'admin9', 22, 'Xe giá này là quá ok rùi mn ạ vừa tiền mà để trang trí bày đẹp lắm ý nên mua nha', '2023-08-04 08:23:04', NULL),
(201, 'admin9', 20, 'Xe rất đẹp, nặng tay, âm thanh khá hay. Màu sơn đẹp, Nói chung là rất đáng đồng tiền.', '2023-08-04 08:23:04', NULL),
(202, 'client1', 22, 'Hàng ok lắm mn nhé, đầm mà chắc tay lắm ạ, sẽ ủng hộ lần tiếp theo', '2023-08-04 08:23:04', NULL),
(203, 'admin8', 30, 'Xe bằng kim loại,hơi bé so với tưởng tượng.Tạm chấp nhận được.', '2023-08-04 08:23:04', NULL),
(204, 'admin3', 17, 'Xe rất đẹp, nặng tay, âm thanh khá hay. Màu sơn đẹp, Nói chung là rất đáng đồng tiền.', '2023-08-04 08:23:04', NULL),
(205, 'admin5', 36, 'Giao hàng nhanh chất lượng sản phẩm ok, cánh cửa xe hơi lỏng lẻo', '2023-08-04 08:23:04', NULL),
(206, 'client4', 15, 'Hàng ok lắm mn nhé, đầm mà chắc tay lắm ạ, sẽ ủng hộ lần tiếp theo', '2023-08-04 08:23:04', NULL),
(207, 'admin7', 2, 'Hàng ok lắm mn nhé, đầm mà chắc tay lắm ạ, sẽ ủng hộ lần tiếp theo', '2023-08-04 08:23:04', NULL),
(208, 'admin8', 16, 'Giao hàng nhanh. Sản phẩm giống hình, chất lượng tốt. Nên mua', '2023-08-04 08:23:04', NULL),
(209, 'admin10', 37, 'Sản phẩm đẹp lắm', '2023-08-04 08:23:04', NULL),
(210, 'client6', 38, 'Xe giá này là quá ok rùi mn ạ vừa tiền mà để trang trí bày đẹp lắm ý nên mua nha', '2023-08-04 08:23:04', NULL),
(211, 'admin7', 18, 'Giao hàng nhanh. Sản phẩm giống hình, chất lượng tốt. Nên mua', '2023-08-04 08:23:04', NULL),
(212, 'admin5', 46, 'Giao hàng nhanh chất lượng sản phẩm ok, cánh cửa xe hơi lỏng lẻo', '2023-08-04 08:23:04', NULL),
(213, 'admin10', 45, 'Khi nào thì có hàng lại vậy ạ', '2023-08-04 08:23:04', NULL),
(214, 'client6', 16, 'Giao hàng nhanh chất lượng sản phẩm ok, cánh cửa xe hơi lỏng lẻo', '2023-08-04 08:23:04', NULL),
(215, 'client4', 25, 'Xe giá này là quá ok rùi mn ạ vừa tiền mà để trang trí bày đẹp lắm ý nên mua nha', '2023-08-04 08:23:04', NULL),
(216, 'admin9', 40, 'Sản phẩm đẹp lắm', '2023-08-04 08:23:04', NULL),
(217, 'admin9', 3, 'Giao hàng nhanh chất lượng sản phẩm ok, cánh cửa xe hơi lỏng lẻo', '2023-08-04 08:23:04', NULL),
(218, 'client4', 36, 'Hàng ok lắm mn nhé, đầm mà chắc tay lắm ạ, sẽ ủng hộ lần tiếp theo', '2023-08-04 08:23:04', NULL),
(219, 'admin7', 2, 'Sản phẩm đẹp lắm', '2023-08-04 08:23:04', NULL),
(220, 'client6', 21, 'Khi nào thì có hàng lại vậy ạ', '2023-08-04 08:23:04', NULL),
(221, 'admin8', 14, 'Sản phẩm đẹp lắm', '2023-08-04 08:23:04', NULL),
(222, 'admin9', 9, 'Xe rất đẹp, nặng tay, âm thanh khá hay. Màu sơn đẹp, Nói chung là rất đáng đồng tiền.', '2023-08-04 08:23:04', NULL),
(223, 'client4', 17, 'Xe giá này là quá ok rùi mn ạ vừa tiền mà để trang trí bày đẹp lắm ý nên mua nha', '2023-08-04 08:23:05', NULL),
(224, 'admin7', 41, 'Giao hàng nhanh. Sản phẩm giống hình, chất lượng tốt. Nên mua', '2023-08-04 08:23:05', NULL),
(225, 'admin5', 13, 'Xe giá này là quá ok rùi mn ạ vừa tiền mà để trang trí bày đẹp lắm ý nên mua nha', '2023-08-04 08:23:05', NULL),
(226, 'admin9', 16, 'Shop check inbox em với', '2023-08-04 08:23:05', NULL),
(227, 'client4', 33, 'Sản phẩm vô cùng chất lượng', '2023-08-04 08:23:05', NULL),
(228, 'admin7', 12, 'Giao hàng nhanh. Sản phẩm giống hình, chất lượng tốt. Nên mua', '2023-08-04 08:23:05', NULL),
(229, 'admin7', 14, 'Xe rất đẹp, nặng tay, âm thanh khá hay. Màu sơn đẹp, Nói chung là rất đáng đồng tiền.', '2023-08-04 08:23:05', NULL),
(230, 'client1', 22, 'Shop check inbox em với', '2023-08-04 08:23:05', NULL),
(231, 'admin5', 22, 'Xe rất đẹp, nặng tay, âm thanh khá hay. Màu sơn đẹp, Nói chung là rất đáng đồng tiền.', '2023-08-04 08:23:05', NULL),
(232, 'admin7', 42, 'Sản phẩm đẹp lắm', '2023-08-04 08:23:05', NULL),
(233, 'admin10', 4, 'Hàng ok lắm mn nhé, đầm mà chắc tay lắm ạ, sẽ ủng hộ lần tiếp theo', '2023-08-04 08:23:05', NULL),
(234, 'admin3', 25, 'Sản phẩm vô cùng chất lượng', '2023-08-04 08:23:05', NULL),
(235, 'client6', 41, 'Shop check inbox em với', '2023-08-04 08:23:05', NULL),
(236, 'admin10', 46, 'Xe bằng kim loại,hơi bé so với tưởng tượng.Tạm chấp nhận được.', '2023-08-04 08:23:05', NULL),
(237, 'client6', 38, 'Shop check inbox em với', '2023-08-04 08:23:05', NULL),
(238, 'admin5', 43, 'Giao hàng nhanh. Sản phẩm giống hình, chất lượng tốt. Nên mua', '2023-08-04 08:23:05', NULL),
(239, 'client1', 30, 'Sản phẩm đẹp lắm', '2023-08-04 08:23:05', NULL),
(240, 'admin5', 29, 'Hàng ok lắm mn nhé, đầm mà chắc tay lắm ạ, sẽ ủng hộ lần tiếp theo', '2023-08-04 08:23:05', NULL),
(241, 'admin9', 18, 'Xe giá này là quá ok rùi mn ạ vừa tiền mà để trang trí bày đẹp lắm ý nên mua nha', '2023-08-04 08:23:05', NULL),
(242, 'admin7', 42, 'Giao hàng nhanh. Sản phẩm giống hình, chất lượng tốt. Nên mua', '2023-08-04 08:23:05', NULL),
(243, 'admin7', 29, 'Xe rất đẹp, nặng tay, âm thanh khá hay. Màu sơn đẹp, Nói chung là rất đáng đồng tiền.', '2023-08-04 08:23:05', NULL),
(244, 'admin3', 26, 'Sản phẩm vô cùng chất lượng', '2023-08-04 08:23:05', NULL),
(245, 'client4', 42, 'Xe giá này là quá ok rùi mn ạ vừa tiền mà để trang trí bày đẹp lắm ý nên mua nha', '2023-08-04 08:23:05', NULL),
(246, 'client2', 39, 'Hàng ok lắm mn nhé, đầm mà chắc tay lắm ạ, sẽ ủng hộ lần tiếp theo', '2023-08-04 08:23:05', NULL),
(247, 'admin8', 35, 'Giao hàng nhanh chất lượng sản phẩm ok, cánh cửa xe hơi lỏng lẻo', '2023-08-04 08:23:05', NULL),
(248, 'admin10', 24, 'Sản phẩm vô cùng chất lượng', '2023-08-04 08:23:05', NULL),
(249, 'admin3', 23, 'Sản phẩm vô cùng chất lượng', '2023-08-04 08:23:05', NULL),
(250, 'admin9', 1, 'Giao hàng nhanh chất lượng sản phẩm ok, cánh cửa xe hơi lỏng lẻo', '2023-08-04 08:23:05', NULL),
(251, 'admin8', 33, 'Hàng ok lắm mn nhé, đầm mà chắc tay lắm ạ, sẽ ủng hộ lần tiếp theo', '2023-08-04 08:23:05', NULL),
(252, 'admin10', 24, 'Giao hàng nhanh. Sản phẩm giống hình, chất lượng tốt. Nên mua', '2023-08-04 08:23:05', NULL),
(253, 'admin9', 11, 'Xe rất đẹp, nặng tay, âm thanh khá hay. Màu sơn đẹp, Nói chung là rất đáng đồng tiền.', '2023-08-04 08:23:05', NULL),
(254, 'admin10', 28, 'Sản phẩm vô cùng chất lượng', '2023-08-04 08:23:06', NULL),
(255, 'admin10', 28, 'Shop check inbox em với', '2023-08-04 08:23:06', NULL),
(256, 'admin7', 35, 'Giao hàng nhanh. Sản phẩm giống hình, chất lượng tốt. Nên mua', '2023-08-04 08:23:06', NULL),
(257, 'admin9', 28, 'Giao hàng nhanh chất lượng sản phẩm ok, cánh cửa xe hơi lỏng lẻo', '2023-08-04 08:23:06', NULL),
(258, 'admin5', 9, 'Sản phẩm vô cùng chất lượng', '2023-08-04 08:23:06', NULL),
(259, 'admin3', 48, 'Xe giá này là quá ok rùi mn ạ vừa tiền mà để trang trí bày đẹp lắm ý nên mua nha', '2023-08-04 08:23:06', NULL),
(260, 'client6', 49, 'Giao hàng nhanh. Sản phẩm giống hình, chất lượng tốt. Nên mua', '2023-08-04 08:23:06', NULL),
(261, 'client4', 31, 'Giao hàng nhanh chất lượng sản phẩm ok, cánh cửa xe hơi lỏng lẻo', '2023-08-04 08:23:06', NULL),
(262, 'admin9', 24, 'Khi nào thì có hàng lại vậy ạ', '2023-08-04 08:23:06', NULL),
(263, 'admin7', 5, 'Xe giá này là quá ok rùi mn ạ vừa tiền mà để trang trí bày đẹp lắm ý nên mua nha', '2023-08-04 08:23:06', NULL),
(264, 'client6', 12, 'Xe giá này là quá ok rùi mn ạ vừa tiền mà để trang trí bày đẹp lắm ý nên mua nha', '2023-08-04 08:23:06', NULL),
(265, 'client1', 44, 'Giao hàng nhanh chất lượng sản phẩm ok, cánh cửa xe hơi lỏng lẻo', '2023-08-04 08:23:06', NULL),
(266, 'admin10', 49, 'Giao hàng nhanh. Sản phẩm giống hình, chất lượng tốt. Nên mua', '2023-08-04 08:23:06', NULL),
(267, 'admin7', 2, 'Xe bằng kim loại,hơi bé so với tưởng tượng.Tạm chấp nhận được.', '2023-08-04 08:23:06', NULL),
(268, 'admin10', 17, 'Shop check inbox em với', '2023-08-04 08:23:06', NULL),
(269, 'client2', 42, 'Giao hàng nhanh chất lượng sản phẩm ok, cánh cửa xe hơi lỏng lẻo', '2023-08-04 08:23:06', NULL),
(270, 'admin5', 37, 'Sản phẩm đẹp lắm', '2023-08-04 08:23:06', NULL),
(271, 'admin5', 49, 'Hàng ok lắm mn nhé, đầm mà chắc tay lắm ạ, sẽ ủng hộ lần tiếp theo', '2023-08-04 08:23:06', NULL),
(272, 'client1', 13, 'Xe giá này là quá ok rùi mn ạ vừa tiền mà để trang trí bày đẹp lắm ý nên mua nha', '2023-08-04 08:23:06', NULL),
(273, 'client6', 27, 'Xe bằng kim loại,hơi bé so với tưởng tượng.Tạm chấp nhận được.', '2023-08-04 08:23:06', NULL),
(274, 'client1', 37, 'Hàng ok lắm mn nhé, đầm mà chắc tay lắm ạ, sẽ ủng hộ lần tiếp theo', '2023-08-04 08:23:06', NULL),
(275, 'client2', 23, 'Giao hàng nhanh. Sản phẩm giống hình, chất lượng tốt. Nên mua', '2023-08-04 08:23:06', NULL),
(276, 'admin7', 27, 'Xe rất đẹp, nặng tay, âm thanh khá hay. Màu sơn đẹp, Nói chung là rất đáng đồng tiền.', '2023-08-04 08:23:06', NULL),
(277, 'admin3', 25, 'Shop check inbox em với', '2023-08-04 08:23:06', NULL),
(278, 'client2', 32, 'Sản phẩm vô cùng chất lượng', '2023-08-04 08:23:06', NULL),
(279, 'client6', 16, 'Xe giá này là quá ok rùi mn ạ vừa tiền mà để trang trí bày đẹp lắm ý nên mua nha', '2023-08-04 08:23:06', NULL),
(280, 'admin10', 10, 'Giao hàng nhanh chất lượng sản phẩm ok, cánh cửa xe hơi lỏng lẻo', '2023-08-04 08:23:06', NULL),
(281, 'admin7', 46, 'Giao hàng nhanh chất lượng sản phẩm ok, cánh cửa xe hơi lỏng lẻo', '2023-08-04 08:23:06', NULL),
(282, 'admin3', 17, 'Hàng ok lắm mn nhé, đầm mà chắc tay lắm ạ, sẽ ủng hộ lần tiếp theo', '2023-08-04 08:23:06', NULL),
(283, 'admin8', 29, 'Xe rất đẹp, nặng tay, âm thanh khá hay. Màu sơn đẹp, Nói chung là rất đáng đồng tiền.', '2023-08-04 08:23:06', NULL),
(284, 'client4', 14, 'Sản phẩm đẹp lắm', '2023-08-04 08:23:06', NULL),
(285, 'admin8', 39, 'Shop check inbox em với', '2023-08-04 08:23:06', NULL),
(286, 'admin10', 10, 'Shop check inbox em với', '2023-08-04 08:23:07', NULL),
(287, 'admin5', 4, 'Xe rất đẹp, nặng tay, âm thanh khá hay. Màu sơn đẹp, Nói chung là rất đáng đồng tiền.', '2023-08-04 08:23:07', NULL),
(288, 'client1', 10, 'Khi nào thì có hàng lại vậy ạ', '2023-08-04 08:23:07', NULL),
(289, 'client2', 26, 'Shop check inbox em với', '2023-08-04 08:23:07', NULL),
(290, 'client2', 30, 'Xe giá này là quá ok rùi mn ạ vừa tiền mà để trang trí bày đẹp lắm ý nên mua nha', '2023-08-04 08:23:07', NULL),
(291, 'admin3', 50, 'Sản phẩm đẹp lắm', '2023-08-04 08:23:07', NULL),
(292, 'client1', 48, 'Xe giá này là quá ok rùi mn ạ vừa tiền mà để trang trí bày đẹp lắm ý nên mua nha', '2023-08-04 08:23:07', NULL),
(293, 'client1', 25, 'Xe giá này là quá ok rùi mn ạ vừa tiền mà để trang trí bày đẹp lắm ý nên mua nha', '2023-08-04 08:23:07', NULL),
(294, 'client2', 10, 'Shop check inbox em với', '2023-08-04 08:23:07', NULL),
(295, 'client4', 5, 'Giao hàng nhanh. Sản phẩm giống hình, chất lượng tốt. Nên mua', '2023-08-04 08:23:07', NULL),
(296, 'client2', 9, 'Xe giá này là quá ok rùi mn ạ vừa tiền mà để trang trí bày đẹp lắm ý nên mua nha', '2023-08-04 08:23:07', NULL),
(297, 'client2', 37, 'Xe rất đẹp, nặng tay, âm thanh khá hay. Màu sơn đẹp, Nói chung là rất đáng đồng tiền.', '2023-08-04 08:23:07', NULL),
(298, 'client1', 43, 'Xe giá này là quá ok rùi mn ạ vừa tiền mà để trang trí bày đẹp lắm ý nên mua nha', '2023-08-04 08:23:07', NULL),
(299, 'admin8', 39, 'Giao hàng nhanh chất lượng sản phẩm ok, cánh cửa xe hơi lỏng lẻo', '2023-08-04 08:23:07', NULL),
(300, 'client6', 22, 'Sản phẩm đẹp lắm', '2023-08-04 08:23:07', NULL),
(301, 'admin5', 6, 'Khi nào thì có hàng lại vậy ạ', '2023-08-04 08:23:07', NULL),
(302, 'client4', 31, 'Xe bằng kim loại,hơi bé so với tưởng tượng.Tạm chấp nhận được.', '2023-08-04 08:23:07', NULL),
(303, 'client6', 2, 'Khi nào thì có hàng lại vậy ạ', '2023-08-04 08:23:07', NULL),
(304, 'client1', 27, 'Hàng ok lắm mn nhé, đầm mà chắc tay lắm ạ, sẽ ủng hộ lần tiếp theo', '2023-08-04 08:23:07', NULL),
(305, 'client2', 11, 'Sản phẩm đẹp lắm', '2023-08-04 08:23:07', NULL),
(306, 'admin3', 28, 'Sản phẩm vô cùng chất lượng', '2023-08-04 08:23:07', NULL),
(307, 'client1', 19, 'Khi nào thì có hàng lại vậy ạ', '2023-08-04 08:23:07', NULL),
(308, 'client2', 13, 'Khi nào thì có hàng lại vậy ạ', '2023-08-04 08:23:07', NULL),
(309, 'client1', 9, 'Giao hàng nhanh chất lượng sản phẩm ok, cánh cửa xe hơi lỏng lẻo', '2023-08-04 08:23:07', NULL),
(310, 'admin7', 32, 'Hàng ok lắm mn nhé, đầm mà chắc tay lắm ạ, sẽ ủng hộ lần tiếp theo', '2023-08-04 08:23:07', NULL),
(311, 'admin8', 37, 'Giao hàng nhanh chất lượng sản phẩm ok, cánh cửa xe hơi lỏng lẻo', '2023-08-04 08:23:07', NULL),
(312, 'admin5', 46, 'Giao hàng nhanh. Sản phẩm giống hình, chất lượng tốt. Nên mua', '2023-08-04 08:23:07', NULL),
(313, 'client6', 31, 'Giao hàng nhanh. Sản phẩm giống hình, chất lượng tốt. Nên mua', '2023-08-04 08:23:07', NULL),
(314, 'client2', 5, 'Xe rất đẹp, nặng tay, âm thanh khá hay. Màu sơn đẹp, Nói chung là rất đáng đồng tiền.', '2023-08-04 08:23:07', NULL),
(315, 'admin8', 25, 'Xe rất đẹp, nặng tay, âm thanh khá hay. Màu sơn đẹp, Nói chung là rất đáng đồng tiền.', '2023-08-04 08:23:07', NULL),
(316, 'admin8', 22, 'Sản phẩm vô cùng chất lượng', '2023-08-04 08:23:07', NULL),
(317, 'admin5', 3, 'Giao hàng nhanh chất lượng sản phẩm ok, cánh cửa xe hơi lỏng lẻo', '2023-08-04 08:23:07', NULL),
(318, 'admin10', 22, 'Shop check inbox em với', '2023-08-04 08:23:08', NULL),
(319, 'client2', 19, 'Hàng ok lắm mn nhé, đầm mà chắc tay lắm ạ, sẽ ủng hộ lần tiếp theo', '2023-08-04 08:23:08', NULL),
(320, 'admin7', 26, 'Xe giá này là quá ok rùi mn ạ vừa tiền mà để trang trí bày đẹp lắm ý nên mua nha', '2023-08-04 08:23:08', NULL),
(321, 'admin8', 46, 'Xe bằng kim loại,hơi bé so với tưởng tượng.Tạm chấp nhận được.', '2023-08-04 08:23:08', NULL),
(322, 'admin10', 47, 'Khi nào thì có hàng lại vậy ạ', '2023-08-04 08:23:08', NULL),
(323, 'admin9', 8, 'Shop check inbox em với', '2023-08-04 08:23:08', NULL),
(324, 'client1', 1, 'Xe giá này là quá ok rùi mn ạ vừa tiền mà để trang trí bày đẹp lắm ý nên mua nha', '2023-08-04 08:23:08', NULL),
(325, 'admin7', 38, 'Giao hàng nhanh. Sản phẩm giống hình, chất lượng tốt. Nên mua', '2023-08-04 08:23:08', NULL),
(326, 'admin9', 21, 'Giao hàng nhanh. Sản phẩm giống hình, chất lượng tốt. Nên mua', '2023-08-04 08:23:08', NULL),
(327, 'client4', 30, 'Giao hàng nhanh chất lượng sản phẩm ok, cánh cửa xe hơi lỏng lẻo', '2023-08-04 08:23:08', NULL),
(328, 'client2', 5, 'Xe rất đẹp, nặng tay, âm thanh khá hay. Màu sơn đẹp, Nói chung là rất đáng đồng tiền.', '2023-08-04 08:23:08', NULL),
(329, 'admin5', 30, 'Giao hàng nhanh. Sản phẩm giống hình, chất lượng tốt. Nên mua', '2023-08-04 08:23:08', NULL),
(330, 'admin8', 15, 'Shop check inbox em với', '2023-08-04 08:23:08', NULL),
(331, 'client4', 16, 'Xe giá này là quá ok rùi mn ạ vừa tiền mà để trang trí bày đẹp lắm ý nên mua nha', '2023-08-04 08:23:08', NULL),
(332, 'client1', 45, 'Giao hàng nhanh chất lượng sản phẩm ok, cánh cửa xe hơi lỏng lẻo', '2023-08-04 08:23:08', NULL),
(333, 'admin7', 12, 'Khi nào thì có hàng lại vậy ạ', '2023-08-04 08:23:08', NULL),
(334, 'client1', 8, 'Giao hàng nhanh. Sản phẩm giống hình, chất lượng tốt. Nên mua', '2023-08-04 08:23:08', NULL),
(335, 'client4', 26, 'Xe giá này là quá ok rùi mn ạ vừa tiền mà để trang trí bày đẹp lắm ý nên mua nha', '2023-08-04 08:23:08', NULL),
(336, 'client2', 48, 'Shop check inbox em với', '2023-08-04 08:23:08', NULL),
(337, 'admin8', 10, 'Xe giá này là quá ok rùi mn ạ vừa tiền mà để trang trí bày đẹp lắm ý nên mua nha', '2023-08-04 08:23:08', NULL),
(338, 'admin8', 8, 'Giao hàng nhanh. Sản phẩm giống hình, chất lượng tốt. Nên mua', '2023-08-04 08:23:08', NULL),
(339, 'admin3', 10, 'Sản phẩm đẹp lắm', '2023-08-04 08:23:08', NULL),
(340, 'client1', 32, 'Giao hàng nhanh. Sản phẩm giống hình, chất lượng tốt. Nên mua', '2023-08-04 08:23:08', NULL),
(341, 'admin9', 22, 'Khi nào thì có hàng lại vậy ạ', '2023-08-04 08:23:08', NULL),
(342, 'admin10', 41, 'Sản phẩm đẹp lắm', '2023-08-04 08:23:08', NULL),
(343, 'client6', 41, 'Giao hàng nhanh chất lượng sản phẩm ok, cánh cửa xe hơi lỏng lẻo', '2023-08-04 08:23:08', NULL),
(344, 'client1', 41, 'Xe rất đẹp, nặng tay, âm thanh khá hay. Màu sơn đẹp, Nói chung là rất đáng đồng tiền.', '2023-08-04 08:23:08', NULL),
(345, 'admin5', 43, 'Xe bằng kim loại,hơi bé so với tưởng tượng.Tạm chấp nhận được.', '2023-08-04 08:23:08', NULL),
(346, 'admin5', 48, 'Sản phẩm đẹp lắm', '2023-08-04 08:23:08', NULL),
(347, 'client2', 9, 'Giao hàng nhanh chất lượng sản phẩm ok, cánh cửa xe hơi lỏng lẻo', '2023-08-04 08:23:08', NULL),
(348, 'admin7', 7, 'Giao hàng nhanh. Sản phẩm giống hình, chất lượng tốt. Nên mua', '2023-08-04 08:23:09', NULL),
(349, 'admin9', 31, 'Shop check inbox em với', '2023-08-04 08:23:09', NULL),
(350, 'client6', 13, 'Hàng ok lắm mn nhé, đầm mà chắc tay lắm ạ, sẽ ủng hộ lần tiếp theo', '2023-08-04 08:23:09', NULL),
(351, 'admin7', 12, 'Giao hàng nhanh. Sản phẩm giống hình, chất lượng tốt. Nên mua', '2023-08-04 08:23:09', NULL),
(352, 'admin9', 50, 'Xe rất đẹp, nặng tay, âm thanh khá hay. Màu sơn đẹp, Nói chung là rất đáng đồng tiền.', '2023-08-04 08:23:09', NULL),
(353, 'client2', 43, 'Xe giá này là quá ok rùi mn ạ vừa tiền mà để trang trí bày đẹp lắm ý nên mua nha', '2023-08-04 08:23:09', NULL),
(354, 'admin3', 28, 'Xe bằng kim loại,hơi bé so với tưởng tượng.Tạm chấp nhận được.', '2023-08-04 08:23:09', NULL),
(355, 'admin9', 5, 'Xe giá này là quá ok rùi mn ạ vừa tiền mà để trang trí bày đẹp lắm ý nên mua nha', '2023-08-04 08:23:09', NULL),
(356, 'client2', 31, 'Khi nào thì có hàng lại vậy ạ', '2023-08-04 08:23:09', NULL),
(357, 'admin9', 16, 'Sản phẩm vô cùng chất lượng', '2023-08-04 08:23:09', NULL),
(358, 'admin9', 20, 'Xe giá này là quá ok rùi mn ạ vừa tiền mà để trang trí bày đẹp lắm ý nên mua nha', '2023-08-04 08:23:09', NULL),
(359, 'client4', 3, 'Xe rất đẹp, nặng tay, âm thanh khá hay. Màu sơn đẹp, Nói chung là rất đáng đồng tiền.', '2023-08-04 08:23:09', NULL),
(360, 'admin8', 40, 'Sản phẩm vô cùng chất lượng', '2023-08-04 08:23:09', NULL),
(361, 'client2', 28, 'Sản phẩm đẹp lắm', '2023-08-04 08:23:09', NULL),
(362, 'client6', 26, 'Shop check inbox em với', '2023-08-04 08:23:09', NULL),
(363, 'admin3', 9, 'Giao hàng nhanh. Sản phẩm giống hình, chất lượng tốt. Nên mua', '2023-08-04 08:23:09', NULL),
(364, 'admin3', 35, 'Xe giá này là quá ok rùi mn ạ vừa tiền mà để trang trí bày đẹp lắm ý nên mua nha', '2023-08-04 08:23:09', NULL),
(365, 'admin3', 37, 'Giao hàng nhanh chất lượng sản phẩm ok, cánh cửa xe hơi lỏng lẻo', '2023-08-04 08:23:09', NULL),
(366, 'client2', 19, 'Shop check inbox em với', '2023-08-04 08:23:09', NULL),
(367, 'client6', 18, 'Sản phẩm đẹp lắm', '2023-08-04 08:23:09', NULL),
(368, 'admin3', 50, 'Giao hàng nhanh. Sản phẩm giống hình, chất lượng tốt. Nên mua', '2023-08-04 08:23:09', NULL),
(369, 'admin5', 8, 'Sản phẩm đẹp lắm', '2023-08-04 08:23:09', NULL),
(370, 'admin10', 29, 'Xe bằng kim loại,hơi bé so với tưởng tượng.Tạm chấp nhận được.', '2023-08-04 08:23:09', NULL),
(371, 'client1', 28, 'Giao hàng nhanh. Sản phẩm giống hình, chất lượng tốt. Nên mua', '2023-08-04 08:23:09', NULL),
(372, 'client1', 1, 'Xe bằng kim loại,hơi bé so với tưởng tượng.Tạm chấp nhận được.', '2023-08-04 08:23:09', NULL),
(373, 'admin5', 33, 'Sản phẩm vô cùng chất lượng', '2023-08-04 08:23:09', NULL),
(374, 'admin9', 28, 'Xe giá này là quá ok rùi mn ạ vừa tiền mà để trang trí bày đẹp lắm ý nên mua nha', '2023-08-04 08:23:09', NULL),
(375, 'admin3', 9, 'Shop check inbox em với', '2023-08-04 08:23:09', NULL),
(376, 'admin8', 33, 'Giao hàng nhanh. Sản phẩm giống hình, chất lượng tốt. Nên mua', '2023-08-04 08:23:09', NULL),
(377, 'client2', 33, 'Sản phẩm vô cùng chất lượng', '2023-08-04 08:23:09', NULL),
(378, 'admin3', 50, 'Sản phẩm vô cùng chất lượng', '2023-08-04 08:23:09', NULL),
(379, 'admin8', 14, 'Khi nào thì có hàng lại vậy ạ', '2023-08-04 08:23:09', NULL),
(380, 'admin9', 46, 'Giao hàng nhanh chất lượng sản phẩm ok, cánh cửa xe hơi lỏng lẻo', '2023-08-04 08:23:10', NULL),
(381, 'admin3', 17, 'Sản phẩm vô cùng chất lượng', '2023-08-04 08:23:10', NULL),
(382, 'client1', 37, 'Giao hàng nhanh chất lượng sản phẩm ok, cánh cửa xe hơi lỏng lẻo', '2023-08-04 08:23:10', NULL),
(383, 'admin7', 4, 'Sản phẩm vô cùng chất lượng', '2023-08-04 08:23:10', NULL),
(384, 'client1', 15, 'Hàng ok lắm mn nhé, đầm mà chắc tay lắm ạ, sẽ ủng hộ lần tiếp theo', '2023-08-04 08:23:10', NULL),
(385, 'admin5', 39, 'Khi nào thì có hàng lại vậy ạ', '2023-08-04 08:23:10', NULL),
(386, 'client4', 9, 'Xe giá này là quá ok rùi mn ạ vừa tiền mà để trang trí bày đẹp lắm ý nên mua nha', '2023-08-04 08:23:10', NULL),
(387, 'admin10', 13, 'Giao hàng nhanh chất lượng sản phẩm ok, cánh cửa xe hơi lỏng lẻo', '2023-08-04 08:23:10', NULL),
(388, 'admin5', 1, 'Giao hàng nhanh chất lượng sản phẩm ok, cánh cửa xe hơi lỏng lẻo', '2023-08-04 08:23:10', NULL),
(389, 'admin7', 5, 'Khi nào thì có hàng lại vậy ạ', '2023-08-04 08:23:10', NULL),
(390, 'client4', 27, 'Xe giá này là quá ok rùi mn ạ vừa tiền mà để trang trí bày đẹp lắm ý nên mua nha', '2023-08-04 08:23:10', NULL),
(391, 'client6', 30, 'Giao hàng nhanh chất lượng sản phẩm ok, cánh cửa xe hơi lỏng lẻo', '2023-08-04 08:23:10', NULL),
(392, 'admin10', 25, 'Sản phẩm vô cùng chất lượng', '2023-08-04 08:23:10', NULL),
(393, 'admin7', 32, 'Giao hàng nhanh chất lượng sản phẩm ok, cánh cửa xe hơi lỏng lẻo', '2023-08-04 08:23:10', NULL),
(394, 'client4', 30, 'Xe bằng kim loại,hơi bé so với tưởng tượng.Tạm chấp nhận được.', '2023-08-04 08:23:10', NULL),
(395, 'admin3', 43, 'Sản phẩm đẹp lắm', '2023-08-04 08:23:10', NULL),
(396, 'client6', 10, 'Giao hàng nhanh. Sản phẩm giống hình, chất lượng tốt. Nên mua', '2023-08-04 08:23:10', NULL),
(397, 'client1', 24, 'Giao hàng nhanh chất lượng sản phẩm ok, cánh cửa xe hơi lỏng lẻo', '2023-08-04 08:23:10', NULL),
(398, 'client2', 19, 'Khi nào thì có hàng lại vậy ạ', '2023-08-04 08:23:10', NULL),
(399, 'client4', 40, 'Shop check inbox em với', '2023-08-04 08:23:10', NULL),
(400, 'admin5', 19, 'Sản phẩm đẹp lắm', '2023-08-04 08:23:10', NULL),
(401, 'admin3', 34, 'Sản phẩm đẹp lắm', '2023-08-04 08:23:10', NULL),
(402, 'admin9', 42, 'Sản phẩm đẹp lắm', '2023-08-04 08:23:10', NULL),
(403, 'admin10', 43, 'Xe rất đẹp, nặng tay, âm thanh khá hay. Màu sơn đẹp, Nói chung là rất đáng đồng tiền.', '2023-08-04 08:23:10', NULL),
(404, 'admin10', 21, 'Hàng ok lắm mn nhé, đầm mà chắc tay lắm ạ, sẽ ủng hộ lần tiếp theo', '2023-08-04 08:23:10', NULL),
(405, 'admin10', 41, 'Hàng ok lắm mn nhé, đầm mà chắc tay lắm ạ, sẽ ủng hộ lần tiếp theo', '2023-08-04 08:23:10', NULL),
(406, 'admin7', 38, 'Xe giá này là quá ok rùi mn ạ vừa tiền mà để trang trí bày đẹp lắm ý nên mua nha', '2023-08-04 08:23:10', NULL),
(407, 'admin9', 27, 'Xe giá này là quá ok rùi mn ạ vừa tiền mà để trang trí bày đẹp lắm ý nên mua nha', '2023-08-04 08:23:10', NULL),
(408, 'admin9', 31, 'Giao hàng nhanh. Sản phẩm giống hình, chất lượng tốt. Nên mua', '2023-08-04 08:23:10', NULL),
(409, 'admin3', 13, 'Xe giá này là quá ok rùi mn ạ vừa tiền mà để trang trí bày đẹp lắm ý nên mua nha', '2023-08-04 08:23:10', NULL),
(410, 'client1', 35, 'Khi nào thì có hàng lại vậy ạ', '2023-08-04 08:23:11', NULL),
(411, 'client6', 15, 'Sản phẩm đẹp lắm', '2023-08-04 08:23:11', NULL),
(412, 'admin5', 28, 'Sản phẩm đẹp lắm', '2023-08-04 08:23:11', NULL),
(413, 'admin7', 21, 'Giao hàng nhanh chất lượng sản phẩm ok, cánh cửa xe hơi lỏng lẻo', '2023-08-04 08:23:11', NULL),
(414, 'admin3', 16, 'Xe rất đẹp, nặng tay, âm thanh khá hay. Màu sơn đẹp, Nói chung là rất đáng đồng tiền.', '2023-08-04 08:23:11', NULL),
(415, 'client6', 19, 'Sản phẩm đẹp lắm', '2023-08-04 08:23:11', NULL),
(416, 'client4', 19, 'Sản phẩm đẹp lắm', '2023-08-04 08:23:11', NULL),
(417, 'client4', 41, 'Giao hàng nhanh. Sản phẩm giống hình, chất lượng tốt. Nên mua', '2023-08-04 08:23:11', NULL),
(418, 'admin9', 41, 'Xe bằng kim loại,hơi bé so với tưởng tượng.Tạm chấp nhận được.', '2023-08-04 08:23:11', NULL),
(419, 'client2', 40, 'Xe rất đẹp, nặng tay, âm thanh khá hay. Màu sơn đẹp, Nói chung là rất đáng đồng tiền.', '2023-08-04 08:23:11', NULL),
(420, 'admin7', 15, 'Giao hàng nhanh. Sản phẩm giống hình, chất lượng tốt. Nên mua', '2023-08-04 08:23:11', NULL),
(421, 'admin5', 41, 'Xe rất đẹp, nặng tay, âm thanh khá hay. Màu sơn đẹp, Nói chung là rất đáng đồng tiền.', '2023-08-04 08:23:11', NULL),
(422, 'admin3', 18, 'Xe giá này là quá ok rùi mn ạ vừa tiền mà để trang trí bày đẹp lắm ý nên mua nha', '2023-08-04 08:23:11', NULL),
(423, 'client4', 50, 'Sản phẩm vô cùng chất lượng', '2023-08-04 08:23:11', NULL),
(424, 'admin7', 3, 'Khi nào thì có hàng lại vậy ạ', '2023-08-04 08:23:11', NULL),
(425, 'admin9', 46, 'Hàng ok lắm mn nhé, đầm mà chắc tay lắm ạ, sẽ ủng hộ lần tiếp theo', '2023-08-04 08:23:11', NULL),
(426, 'client2', 8, 'Sản phẩm đẹp lắm', '2023-08-04 08:23:11', NULL),
(427, 'client6', 31, 'Hàng ok lắm mn nhé, đầm mà chắc tay lắm ạ, sẽ ủng hộ lần tiếp theo', '2023-08-04 08:23:11', NULL),
(428, 'client2', 32, 'Giao hàng nhanh. Sản phẩm giống hình, chất lượng tốt. Nên mua', '2023-08-04 08:23:11', NULL),
(429, 'client2', 28, 'Sản phẩm vô cùng chất lượng', '2023-08-04 08:23:11', NULL),
(430, 'admin10', 33, 'Giao hàng nhanh chất lượng sản phẩm ok, cánh cửa xe hơi lỏng lẻo', '2023-08-04 08:23:11', NULL),
(431, 'admin7', 22, 'Xe giá này là quá ok rùi mn ạ vừa tiền mà để trang trí bày đẹp lắm ý nên mua nha', '2023-08-04 08:23:11', NULL),
(432, 'client1', 27, 'Xe giá này là quá ok rùi mn ạ vừa tiền mà để trang trí bày đẹp lắm ý nên mua nha', '2023-08-04 08:23:11', NULL),
(433, 'admin9', 48, 'Xe rất đẹp, nặng tay, âm thanh khá hay. Màu sơn đẹp, Nói chung là rất đáng đồng tiền.', '2023-08-04 08:23:11', NULL),
(434, 'admin3', 8, 'Xe rất đẹp, nặng tay, âm thanh khá hay. Màu sơn đẹp, Nói chung là rất đáng đồng tiền.', '2023-08-04 08:23:11', NULL),
(435, 'admin5', 19, 'Giao hàng nhanh chất lượng sản phẩm ok, cánh cửa xe hơi lỏng lẻo', '2023-08-04 08:23:11', NULL),
(436, 'client2', 13, 'Xe rất đẹp, nặng tay, âm thanh khá hay. Màu sơn đẹp, Nói chung là rất đáng đồng tiền.', '2023-08-04 08:23:11', NULL),
(437, 'admin7', 26, 'Xe bằng kim loại,hơi bé so với tưởng tượng.Tạm chấp nhận được.', '2023-08-04 08:23:11', NULL),
(438, 'admin7', 49, 'Sản phẩm đẹp lắm', '2023-08-04 08:23:11', NULL),
(439, 'admin5', 2, 'Xe giá này là quá ok rùi mn ạ vừa tiền mà để trang trí bày đẹp lắm ý nên mua nha', '2023-08-04 08:23:11', NULL),
(440, 'admin3', 20, 'Xe rất đẹp, nặng tay, âm thanh khá hay. Màu sơn đẹp, Nói chung là rất đáng đồng tiền.', '2023-08-04 08:23:11', NULL),
(441, 'client6', 49, 'Giao hàng nhanh chất lượng sản phẩm ok, cánh cửa xe hơi lỏng lẻo', '2023-08-04 08:23:11', NULL),
(442, 'admin9', 3, 'Xe giá này là quá ok rùi mn ạ vừa tiền mà để trang trí bày đẹp lắm ý nên mua nha', '2023-08-04 08:23:12', NULL),
(443, 'client1', 34, 'Giao hàng nhanh chất lượng sản phẩm ok, cánh cửa xe hơi lỏng lẻo', '2023-08-04 08:23:12', NULL),
(444, 'admin8', 18, 'Giao hàng nhanh. Sản phẩm giống hình, chất lượng tốt. Nên mua', '2023-08-04 08:23:12', NULL),
(445, 'admin10', 15, 'Hàng ok lắm mn nhé, đầm mà chắc tay lắm ạ, sẽ ủng hộ lần tiếp theo', '2023-08-04 08:23:12', NULL),
(446, 'admin9', 12, 'Giao hàng nhanh. Sản phẩm giống hình, chất lượng tốt. Nên mua', '2023-08-04 08:23:12', NULL),
(447, 'client2', 32, 'Xe bằng kim loại,hơi bé so với tưởng tượng.Tạm chấp nhận được.', '2023-08-04 08:23:12', NULL),
(448, 'admin3', 2, 'Xe bằng kim loại,hơi bé so với tưởng tượng.Tạm chấp nhận được.', '2023-08-04 08:23:12', NULL),
(449, 'admin9', 25, 'Giao hàng nhanh. Sản phẩm giống hình, chất lượng tốt. Nên mua', '2023-08-04 08:23:12', NULL),
(450, 'admin9', 37, 'Khi nào thì có hàng lại vậy ạ', '2023-08-04 08:23:12', NULL),
(451, 'client2', 10, 'Sản phẩm vô cùng chất lượng', '2023-08-04 08:23:12', NULL),
(452, 'client4', 35, 'Xe giá này là quá ok rùi mn ạ vừa tiền mà để trang trí bày đẹp lắm ý nên mua nha', '2023-08-04 08:23:12', NULL),
(453, 'admin9', 18, 'Giao hàng nhanh. Sản phẩm giống hình, chất lượng tốt. Nên mua', '2023-08-04 08:23:12', NULL),
(454, 'client6', 40, 'Giao hàng nhanh chất lượng sản phẩm ok, cánh cửa xe hơi lỏng lẻo', '2023-08-04 08:23:12', NULL),
(455, 'client6', 21, 'Khi nào thì có hàng lại vậy ạ', '2023-08-04 08:23:12', NULL),
(456, 'admin10', 40, 'Giao hàng nhanh chất lượng sản phẩm ok, cánh cửa xe hơi lỏng lẻo', '2023-08-04 08:23:12', NULL),
(457, 'admin3', 27, 'Xe giá này là quá ok rùi mn ạ vừa tiền mà để trang trí bày đẹp lắm ý nên mua nha', '2023-08-04 08:23:12', NULL),
(458, 'admin3', 50, 'Xe giá này là quá ok rùi mn ạ vừa tiền mà để trang trí bày đẹp lắm ý nên mua nha', '2023-08-04 08:23:12', NULL),
(459, 'admin5', 10, 'Xe bằng kim loại,hơi bé so với tưởng tượng.Tạm chấp nhận được.', '2023-08-04 08:23:12', NULL),
(460, 'client6', 14, 'Sản phẩm đẹp lắm', '2023-08-04 08:23:12', NULL),
(461, 'admin8', 30, 'Giao hàng nhanh. Sản phẩm giống hình, chất lượng tốt. Nên mua', '2023-08-04 08:23:12', NULL),
(462, 'admin3', 12, 'Sản phẩm vô cùng chất lượng', '2023-08-04 08:23:12', NULL),
(463, 'admin10', 19, 'Giao hàng nhanh. Sản phẩm giống hình, chất lượng tốt. Nên mua', '2023-08-04 08:23:12', NULL),
(464, 'client6', 5, 'Sản phẩm đẹp lắm', '2023-08-04 08:23:12', NULL),
(465, 'client6', 35, 'Sản phẩm vô cùng chất lượng', '2023-08-04 08:23:12', NULL),
(466, 'client1', 33, 'Giao hàng nhanh chất lượng sản phẩm ok, cánh cửa xe hơi lỏng lẻo', '2023-08-04 08:23:12', NULL),
(467, 'client1', 9, 'Sản phẩm đẹp lắm', '2023-08-04 08:23:12', NULL),
(468, 'admin10', 20, 'Hàng ok lắm mn nhé, đầm mà chắc tay lắm ạ, sẽ ủng hộ lần tiếp theo', '2023-08-04 08:23:12', NULL),
(469, 'admin8', 1, 'Xe giá này là quá ok rùi mn ạ vừa tiền mà để trang trí bày đẹp lắm ý nên mua nha', '2023-08-04 08:23:12', NULL),
(470, 'client6', 9, 'Xe giá này là quá ok rùi mn ạ vừa tiền mà để trang trí bày đẹp lắm ý nên mua nha', '2023-08-04 08:23:12', NULL),
(471, 'admin10', 47, 'Xe bằng kim loại,hơi bé so với tưởng tượng.Tạm chấp nhận được.', '2023-08-04 08:23:12', NULL),
(472, 'client2', 8, 'Xe giá này là quá ok rùi mn ạ vừa tiền mà để trang trí bày đẹp lắm ý nên mua nha', '2023-08-04 08:23:12', NULL),
(473, 'admin5', 10, 'Hàng ok lắm mn nhé, đầm mà chắc tay lắm ạ, sẽ ủng hộ lần tiếp theo', '2023-08-04 08:23:12', NULL),
(474, 'client1', 21, 'Khi nào thì có hàng lại vậy ạ', '2023-08-04 08:23:13', NULL),
(475, 'client2', 8, 'Giao hàng nhanh chất lượng sản phẩm ok, cánh cửa xe hơi lỏng lẻo', '2023-08-04 08:23:13', NULL),
(476, 'admin9', 12, 'Shop check inbox em với', '2023-08-04 08:23:13', NULL),
(477, 'admin8', 24, 'Giao hàng nhanh. Sản phẩm giống hình, chất lượng tốt. Nên mua', '2023-08-04 08:23:13', NULL);
INSERT INTO `db_comment` (`id_comment`, `id_user`, `id_product`, `content`, `created_at`, `updated_at`) VALUES
(478, 'admin5', 17, 'Xe bằng kim loại,hơi bé so với tưởng tượng.Tạm chấp nhận được.', '2023-08-04 08:23:13', NULL),
(479, 'client6', 4, 'Khi nào thì có hàng lại vậy ạ', '2023-08-04 08:23:13', NULL),
(480, 'admin3', 42, 'Xe rất đẹp, nặng tay, âm thanh khá hay. Màu sơn đẹp, Nói chung là rất đáng đồng tiền.', '2023-08-04 08:23:13', NULL),
(481, 'admin10', 15, 'Giao hàng nhanh. Sản phẩm giống hình, chất lượng tốt. Nên mua', '2023-08-04 08:23:13', NULL),
(482, 'admin8', 1, 'Shop check inbox em với', '2023-08-04 08:23:13', NULL),
(483, 'admin7', 25, 'Giao hàng nhanh chất lượng sản phẩm ok, cánh cửa xe hơi lỏng lẻo', '2023-08-04 08:23:13', NULL),
(484, 'client6', 34, 'Shop check inbox em với', '2023-08-04 08:23:13', NULL),
(485, 'admin3', 28, 'Xe rất đẹp, nặng tay, âm thanh khá hay. Màu sơn đẹp, Nói chung là rất đáng đồng tiền.', '2023-08-04 08:23:13', NULL),
(486, 'client2', 34, 'Sản phẩm vô cùng chất lượng', '2023-08-04 08:23:13', NULL),
(487, 'admin8', 40, 'Sản phẩm vô cùng chất lượng', '2023-08-04 08:23:13', NULL),
(488, 'admin3', 14, 'Shop check inbox em với', '2023-08-04 08:23:13', NULL),
(489, 'admin8', 29, 'Giao hàng nhanh chất lượng sản phẩm ok, cánh cửa xe hơi lỏng lẻo', '2023-08-04 08:23:13', NULL),
(490, 'admin10', 24, 'Sản phẩm đẹp lắm', '2023-08-04 08:23:13', NULL),
(491, 'client1', 20, 'Xe rất đẹp, nặng tay, âm thanh khá hay. Màu sơn đẹp, Nói chung là rất đáng đồng tiền.', '2023-08-04 08:23:13', NULL),
(492, 'admin8', 31, 'Hàng ok lắm mn nhé, đầm mà chắc tay lắm ạ, sẽ ủng hộ lần tiếp theo', '2023-08-04 08:23:13', NULL),
(493, 'admin10', 32, 'Shop check inbox em với', '2023-08-04 08:23:13', NULL),
(494, 'client4', 34, 'Sản phẩm đẹp lắm', '2023-08-04 08:23:13', NULL),
(495, 'admin7', 41, 'Giao hàng nhanh. Sản phẩm giống hình, chất lượng tốt. Nên mua', '2023-08-04 08:23:13', NULL),
(496, 'admin10', 29, 'Sản phẩm vô cùng chất lượng', '2023-08-04 08:23:13', NULL),
(497, 'client4', 41, 'Xe giá này là quá ok rùi mn ạ vừa tiền mà để trang trí bày đẹp lắm ý nên mua nha', '2023-08-04 08:23:13', NULL),
(498, 'client2', 20, 'Khi nào thì có hàng lại vậy ạ', '2023-08-04 08:23:13', NULL),
(499, 'client1', 32, 'Sản phẩm vô cùng chất lượng', '2023-08-04 08:23:13', NULL),
(500, 'admin3', 8, 'Hàng ok lắm mn nhé, đầm mà chắc tay lắm ạ, sẽ ủng hộ lần tiếp theo', '2023-08-04 08:23:13', NULL),
(501, 'admin5', 2, 'Hàng ok lắm mn nhé, đầm mà chắc tay lắm ạ, sẽ ủng hộ lần tiếp theo', '2023-08-04 08:23:13', NULL),
(502, 'admin9', 48, 'Khi nào thì có hàng lại vậy ạ', '2023-08-04 08:23:13', NULL),
(503, 'admin5', 3, 'Hàng ok lắm mn nhé, đầm mà chắc tay lắm ạ, sẽ ủng hộ lần tiếp theo', '2023-08-04 08:23:13', NULL),
(504, 'admin10', 46, 'Khi nào thì có hàng lại vậy ạ', '2023-08-04 08:23:13', NULL),
(505, 'client6', 14, 'Shop check inbox em với', '2023-08-04 08:23:13', NULL),
(506, 'client2', 30, 'Giao hàng nhanh chất lượng sản phẩm ok, cánh cửa xe hơi lỏng lẻo', '2023-08-04 08:23:13', NULL),
(507, 'admin7', 15, 'Xe rất đẹp, nặng tay, âm thanh khá hay. Màu sơn đẹp, Nói chung là rất đáng đồng tiền.', '2023-08-04 08:23:14', NULL),
(508, 'admin8', 15, 'Hàng ok lắm mn nhé, đầm mà chắc tay lắm ạ, sẽ ủng hộ lần tiếp theo', '2023-08-04 08:23:14', NULL),
(509, 'admin7', 5, 'Khi nào thì có hàng lại vậy ạ', '2023-08-04 08:23:14', NULL),
(510, 'admin7', 35, 'Hàng ok lắm mn nhé, đầm mà chắc tay lắm ạ, sẽ ủng hộ lần tiếp theo', '2023-08-04 08:23:14', NULL),
(511, 'admin10', 28, 'Hàng ok lắm mn nhé, đầm mà chắc tay lắm ạ, sẽ ủng hộ lần tiếp theo', '2023-08-04 08:23:14', NULL),
(512, 'client2', 27, 'Xe rất đẹp, nặng tay, âm thanh khá hay. Màu sơn đẹp, Nói chung là rất đáng đồng tiền.', '2023-08-04 08:23:14', NULL),
(513, 'admin3', 14, 'Khi nào thì có hàng lại vậy ạ', '2023-08-04 08:23:14', NULL),
(514, 'admin8', 2, 'Sản phẩm vô cùng chất lượng', '2023-08-04 08:23:14', NULL),
(515, 'admin9', 4, 'Khi nào thì có hàng lại vậy ạ', '2023-08-04 08:23:14', NULL),
(516, 'admin3', 50, 'Xe giá này là quá ok rùi mn ạ vừa tiền mà để trang trí bày đẹp lắm ý nên mua nha', '2023-08-04 08:23:14', NULL),
(517, 'admin3', 47, 'Xe rất đẹp, nặng tay, âm thanh khá hay. Màu sơn đẹp, Nói chung là rất đáng đồng tiền.', '2023-08-04 08:23:14', NULL),
(518, 'client6', 38, 'Khi nào thì có hàng lại vậy ạ', '2023-08-04 08:23:14', NULL),
(519, 'admin9', 25, 'Shop check inbox em với', '2023-08-04 08:23:14', NULL),
(520, 'admin10', 30, 'Hàng ok lắm mn nhé, đầm mà chắc tay lắm ạ, sẽ ủng hộ lần tiếp theo', '2023-08-04 08:23:14', NULL),
(521, 'admin9', 23, 'Xe giá này là quá ok rùi mn ạ vừa tiền mà để trang trí bày đẹp lắm ý nên mua nha', '2023-08-04 08:23:14', NULL),
(522, 'client2', 26, 'Xe rất đẹp, nặng tay, âm thanh khá hay. Màu sơn đẹp, Nói chung là rất đáng đồng tiền.', '2023-08-04 08:23:14', NULL),
(523, 'client4', 9, 'Sản phẩm đẹp lắm', '2023-08-04 08:23:14', NULL),
(524, 'admin7', 39, 'Xe rất đẹp, nặng tay, âm thanh khá hay. Màu sơn đẹp, Nói chung là rất đáng đồng tiền.', '2023-08-04 08:23:14', NULL),
(525, 'admin8', 4, 'Xe giá này là quá ok rùi mn ạ vừa tiền mà để trang trí bày đẹp lắm ý nên mua nha', '2023-08-04 08:23:14', NULL),
(526, 'admin3', 4, 'Xe rất đẹp, nặng tay, âm thanh khá hay. Màu sơn đẹp, Nói chung là rất đáng đồng tiền.', '2023-08-04 08:23:14', NULL),
(527, 'client4', 18, 'Sản phẩm đẹp lắm', '2023-08-04 08:23:14', NULL),
(528, 'client4', 6, 'Shop check inbox em với', '2023-08-04 08:23:14', NULL),
(529, 'client6', 31, 'Sản phẩm đẹp lắm', '2023-08-04 08:23:14', NULL),
(530, 'client4', 12, 'Giao hàng nhanh chất lượng sản phẩm ok, cánh cửa xe hơi lỏng lẻo', '2023-08-04 08:23:14', NULL),
(531, 'admin3', 3, 'Hàng ok lắm mn nhé, đầm mà chắc tay lắm ạ, sẽ ủng hộ lần tiếp theo', '2023-08-04 08:23:14', NULL),
(532, 'admin10', 45, 'Sản phẩm vô cùng chất lượng', '2023-08-04 08:23:14', NULL),
(533, 'client4', 16, 'Xe bằng kim loại,hơi bé so với tưởng tượng.Tạm chấp nhận được.', '2023-08-04 08:23:14', NULL),
(534, 'admin9', 10, 'Khi nào thì có hàng lại vậy ạ', '2023-08-04 08:23:14', NULL),
(535, 'admin7', 31, 'Giao hàng nhanh chất lượng sản phẩm ok, cánh cửa xe hơi lỏng lẻo', '2023-08-04 08:23:14', NULL),
(536, 'admin10', 42, 'Xe bằng kim loại,hơi bé so với tưởng tượng.Tạm chấp nhận được.', '2023-08-04 08:23:14', NULL),
(537, 'client4', 15, 'Giao hàng nhanh. Sản phẩm giống hình, chất lượng tốt. Nên mua', '2023-08-04 08:23:14', NULL),
(538, 'admin7', 36, 'Shop check inbox em với', '2023-08-04 08:23:14', NULL),
(539, 'admin5', 15, 'Sản phẩm vô cùng chất lượng', '2023-08-04 08:23:14', NULL),
(540, 'admin7', 32, 'Sản phẩm đẹp lắm', '2023-08-04 08:23:15', NULL),
(541, 'admin7', 21, 'Hàng ok lắm mn nhé, đầm mà chắc tay lắm ạ, sẽ ủng hộ lần tiếp theo', '2023-08-04 08:23:15', NULL),
(542, 'client4', 24, 'Hàng ok lắm mn nhé, đầm mà chắc tay lắm ạ, sẽ ủng hộ lần tiếp theo', '2023-08-04 08:23:15', NULL),
(543, 'client1', 39, 'Khi nào thì có hàng lại vậy ạ', '2023-08-04 08:23:15', NULL),
(544, 'admin5', 43, 'Xe rất đẹp, nặng tay, âm thanh khá hay. Màu sơn đẹp, Nói chung là rất đáng đồng tiền.', '2023-08-04 08:23:15', NULL),
(545, 'admin9', 33, 'Giao hàng nhanh chất lượng sản phẩm ok, cánh cửa xe hơi lỏng lẻo', '2023-08-04 08:23:15', NULL),
(546, 'client1', 48, 'Xe rất đẹp, nặng tay, âm thanh khá hay. Màu sơn đẹp, Nói chung là rất đáng đồng tiền.', '2023-08-04 08:23:15', NULL),
(547, 'admin3', 26, 'Sản phẩm vô cùng chất lượng', '2023-08-04 08:23:15', NULL),
(548, 'admin8', 37, 'Shop check inbox em với', '2023-08-04 08:23:15', NULL),
(549, 'client2', 8, 'Giao hàng nhanh chất lượng sản phẩm ok, cánh cửa xe hơi lỏng lẻo', '2023-08-04 08:23:15', NULL),
(550, 'admin5', 44, 'Xe rất đẹp, nặng tay, âm thanh khá hay. Màu sơn đẹp, Nói chung là rất đáng đồng tiền.', '2023-08-04 08:23:15', NULL),
(551, 'admin8', 36, 'Giao hàng nhanh. Sản phẩm giống hình, chất lượng tốt. Nên mua', '2023-08-04 08:23:15', NULL),
(552, 'admin10', 46, 'Giao hàng nhanh. Sản phẩm giống hình, chất lượng tốt. Nên mua', '2023-08-04 08:23:15', NULL),
(553, 'admin8', 43, 'Sản phẩm đẹp lắm', '2023-08-04 08:23:15', NULL),
(554, 'client1', 9, 'Giao hàng nhanh chất lượng sản phẩm ok, cánh cửa xe hơi lỏng lẻo', '2023-08-04 08:23:15', NULL),
(555, 'client1', 5, 'Giao hàng nhanh chất lượng sản phẩm ok, cánh cửa xe hơi lỏng lẻo', '2023-08-04 08:23:15', NULL),
(556, 'admin9', 29, 'Giao hàng nhanh. Sản phẩm giống hình, chất lượng tốt. Nên mua', '2023-08-04 08:23:15', NULL),
(557, 'admin3', 11, 'Giao hàng nhanh chất lượng sản phẩm ok, cánh cửa xe hơi lỏng lẻo', '2023-08-04 08:23:15', NULL),
(558, 'admin3', 33, 'Sản phẩm đẹp lắm', '2023-08-04 08:23:15', NULL),
(559, 'client6', 5, 'Sản phẩm đẹp lắm', '2023-08-04 08:23:15', NULL),
(560, 'admin10', 14, 'Sản phẩm đẹp lắm', '2023-08-04 08:23:15', NULL),
(561, 'admin5', 12, 'Giao hàng nhanh chất lượng sản phẩm ok, cánh cửa xe hơi lỏng lẻo', '2023-08-04 08:23:15', NULL),
(562, 'admin10', 12, 'Giao hàng nhanh. Sản phẩm giống hình, chất lượng tốt. Nên mua', '2023-08-04 08:23:15', NULL),
(563, 'client2', 6, 'Khi nào thì có hàng lại vậy ạ', '2023-08-04 08:23:15', NULL),
(564, 'admin3', 14, 'Xe bằng kim loại,hơi bé so với tưởng tượng.Tạm chấp nhận được.', '2023-08-04 08:23:15', NULL),
(565, 'client1', 33, 'Hàng ok lắm mn nhé, đầm mà chắc tay lắm ạ, sẽ ủng hộ lần tiếp theo', '2023-08-04 08:23:15', NULL),
(566, 'client1', 14, 'Sản phẩm vô cùng chất lượng', '2023-08-04 08:23:15', NULL),
(567, 'client6', 27, 'Sản phẩm vô cùng chất lượng', '2023-08-04 08:23:15', NULL),
(568, 'admin9', 27, 'Khi nào thì có hàng lại vậy ạ', '2023-08-04 08:23:15', NULL),
(569, 'client6', 1, 'Sản phẩm vô cùng chất lượng', '2023-08-04 08:23:15', NULL),
(570, 'admin7', 33, 'Khi nào thì có hàng lại vậy ạ', '2023-08-04 08:23:15', NULL),
(571, 'client6', 5, 'Xe bằng kim loại,hơi bé so với tưởng tượng.Tạm chấp nhận được.', '2023-08-04 08:23:15', NULL),
(572, 'admin9', 12, 'Sản phẩm vô cùng chất lượng', '2023-08-04 08:23:15', NULL),
(573, 'admin9', 39, 'Hàng ok lắm mn nhé, đầm mà chắc tay lắm ạ, sẽ ủng hộ lần tiếp theo', '2023-08-04 08:23:16', NULL),
(574, 'client6', 18, 'Sản phẩm đẹp lắm', '2023-08-04 08:23:16', NULL),
(575, 'admin7', 15, 'Giao hàng nhanh chất lượng sản phẩm ok, cánh cửa xe hơi lỏng lẻo', '2023-08-04 08:23:16', NULL),
(576, 'admin8', 28, 'Giao hàng nhanh chất lượng sản phẩm ok, cánh cửa xe hơi lỏng lẻo', '2023-08-04 08:23:16', NULL),
(577, 'admin3', 38, 'Shop check inbox em với', '2023-08-04 08:23:16', NULL),
(578, 'admin5', 45, 'Sản phẩm vô cùng chất lượng', '2023-08-04 08:23:16', NULL),
(579, 'client6', 15, 'Shop check inbox em với', '2023-08-04 08:23:16', NULL),
(580, 'admin10', 45, 'Sản phẩm vô cùng chất lượng', '2023-08-04 08:23:16', NULL),
(581, 'admin9', 29, 'Xe rất đẹp, nặng tay, âm thanh khá hay. Màu sơn đẹp, Nói chung là rất đáng đồng tiền.', '2023-08-04 08:23:16', NULL),
(582, 'admin3', 20, 'Giao hàng nhanh. Sản phẩm giống hình, chất lượng tốt. Nên mua', '2023-08-04 08:23:16', NULL),
(583, 'client6', 28, 'Sản phẩm đẹp lắm', '2023-08-04 08:23:16', NULL),
(584, 'client6', 21, 'Sản phẩm vô cùng chất lượng', '2023-08-04 08:23:16', NULL),
(585, 'admin10', 48, 'Xe giá này là quá ok rùi mn ạ vừa tiền mà để trang trí bày đẹp lắm ý nên mua nha', '2023-08-04 08:23:16', NULL),
(586, 'client6', 36, 'Shop check inbox em với', '2023-08-04 08:23:16', NULL),
(587, 'client4', 2, 'Sản phẩm đẹp lắm', '2023-08-04 08:23:16', NULL),
(588, 'admin7', 37, 'Shop check inbox em với', '2023-08-04 08:23:16', NULL),
(589, 'client6', 3, 'Xe bằng kim loại,hơi bé so với tưởng tượng.Tạm chấp nhận được.', '2023-08-04 08:23:16', NULL),
(590, 'client6', 49, 'Sản phẩm vô cùng chất lượng', '2023-08-04 08:23:16', NULL),
(591, 'client2', 43, 'Giao hàng nhanh chất lượng sản phẩm ok, cánh cửa xe hơi lỏng lẻo', '2023-08-04 08:23:16', NULL),
(592, 'client1', 12, 'Khi nào thì có hàng lại vậy ạ', '2023-08-04 08:23:16', NULL),
(593, 'admin10', 18, 'Sản phẩm vô cùng chất lượng', '2023-08-04 08:23:16', NULL),
(594, 'admin9', 3, 'Shop check inbox em với', '2023-08-04 08:23:16', NULL),
(595, 'client6', 8, 'Sản phẩm đẹp lắm', '2023-08-04 08:23:16', NULL),
(596, 'admin7', 48, 'Xe rất đẹp, nặng tay, âm thanh khá hay. Màu sơn đẹp, Nói chung là rất đáng đồng tiền.', '2023-08-04 08:23:16', NULL),
(597, 'admin5', 4, 'Shop check inbox em với', '2023-08-04 08:23:16', NULL),
(598, 'client6', 47, 'Hàng ok lắm mn nhé, đầm mà chắc tay lắm ạ, sẽ ủng hộ lần tiếp theo', '2023-08-04 08:23:16', NULL),
(599, 'admin10', 35, 'Hàng ok lắm mn nhé, đầm mà chắc tay lắm ạ, sẽ ủng hộ lần tiếp theo', '2023-08-04 08:23:16', NULL),
(600, 'admin10', 14, 'Hàng ok lắm mn nhé, đầm mà chắc tay lắm ạ, sẽ ủng hộ lần tiếp theo', '2023-08-04 08:23:16', NULL),
(601, 'admin7', 48, 'Giao hàng nhanh chất lượng sản phẩm ok, cánh cửa xe hơi lỏng lẻo', '2023-08-04 08:23:16', NULL),
(602, 'admin9', 30, 'Hàng ok lắm mn nhé, đầm mà chắc tay lắm ạ, sẽ ủng hộ lần tiếp theo', '2023-08-04 08:23:16', NULL),
(603, 'admin7', 29, 'Sản phẩm đẹp lắm', '2023-08-04 08:23:16', NULL),
(604, 'admin3', 19, 'Xe giá này là quá ok rùi mn ạ vừa tiền mà để trang trí bày đẹp lắm ý nên mua nha', '2023-08-04 08:23:16', NULL),
(605, 'client4', 48, 'Khi nào thì có hàng lại vậy ạ', '2023-08-04 08:23:17', NULL),
(606, 'client4', 18, 'Giao hàng nhanh chất lượng sản phẩm ok, cánh cửa xe hơi lỏng lẻo', '2023-08-04 08:23:17', NULL),
(607, 'admin10', 5, 'Shop check inbox em với', '2023-08-04 08:23:17', NULL),
(608, 'admin7', 40, 'Khi nào thì có hàng lại vậy ạ', '2023-08-04 08:23:17', NULL),
(609, 'admin10', 2, 'Giao hàng nhanh. Sản phẩm giống hình, chất lượng tốt. Nên mua', '2023-08-04 08:23:17', NULL),
(610, 'client6', 37, 'Khi nào thì có hàng lại vậy ạ', '2023-08-04 08:23:17', NULL),
(611, 'admin10', 39, 'Sản phẩm đẹp lắm', '2023-08-04 08:23:17', NULL),
(612, 'client2', 16, 'Sản phẩm vô cùng chất lượng', '2023-08-04 08:23:17', NULL),
(613, 'admin8', 39, 'Giao hàng nhanh. Sản phẩm giống hình, chất lượng tốt. Nên mua', '2023-08-04 08:23:17', NULL),
(614, 'client1', 46, 'Khi nào thì có hàng lại vậy ạ', '2023-08-04 08:23:17', NULL),
(615, 'client6', 18, 'Xe giá này là quá ok rùi mn ạ vừa tiền mà để trang trí bày đẹp lắm ý nên mua nha', '2023-08-04 08:23:17', NULL),
(616, 'client2', 26, 'Shop check inbox em với', '2023-08-04 08:23:17', NULL),
(617, 'admin7', 21, 'Khi nào thì có hàng lại vậy ạ', '2023-08-04 08:23:17', NULL),
(618, 'admin10', 37, 'Giao hàng nhanh. Sản phẩm giống hình, chất lượng tốt. Nên mua', '2023-08-04 08:23:17', NULL),
(619, 'admin10', 50, 'Khi nào thì có hàng lại vậy ạ', '2023-08-04 08:23:17', NULL),
(620, 'client1', 38, 'Giao hàng nhanh chất lượng sản phẩm ok, cánh cửa xe hơi lỏng lẻo', '2023-08-04 08:23:17', NULL),
(621, 'admin9', 40, 'Sản phẩm vô cùng chất lượng', '2023-08-04 08:23:17', NULL),
(622, 'admin3', 45, 'Shop check inbox em với', '2023-08-04 08:23:17', NULL),
(623, 'admin3', 33, 'Shop check inbox em với', '2023-08-04 08:23:17', NULL),
(624, 'admin3', 27, 'Khi nào thì có hàng lại vậy ạ', '2023-08-04 08:23:17', NULL),
(625, 'admin8', 13, 'Xe rất đẹp, nặng tay, âm thanh khá hay. Màu sơn đẹp, Nói chung là rất đáng đồng tiền.', '2023-08-04 08:23:17', NULL),
(626, 'admin10', 17, 'Shop check inbox em với', '2023-08-04 08:23:17', NULL),
(627, 'admin5', 42, 'Xe rất đẹp, nặng tay, âm thanh khá hay. Màu sơn đẹp, Nói chung là rất đáng đồng tiền.', '2023-08-04 08:23:17', NULL),
(628, 'admin5', 16, 'Shop check inbox em với', '2023-08-04 08:23:17', NULL),
(629, 'client4', 19, 'Khi nào thì có hàng lại vậy ạ', '2023-08-04 08:23:17', NULL),
(630, 'client1', 24, 'Xe giá này là quá ok rùi mn ạ vừa tiền mà để trang trí bày đẹp lắm ý nên mua nha', '2023-08-04 08:23:17', NULL),
(631, 'admin9', 19, 'Sản phẩm vô cùng chất lượng', '2023-08-04 08:23:17', NULL),
(632, 'client4', 5, 'Xe rất đẹp, nặng tay, âm thanh khá hay. Màu sơn đẹp, Nói chung là rất đáng đồng tiền.', '2023-08-04 08:23:17', NULL),
(633, 'client4', 21, 'Xe giá này là quá ok rùi mn ạ vừa tiền mà để trang trí bày đẹp lắm ý nên mua nha', '2023-08-04 08:23:17', NULL),
(634, 'client2', 20, 'Hàng ok lắm mn nhé, đầm mà chắc tay lắm ạ, sẽ ủng hộ lần tiếp theo', '2023-08-04 08:23:17', NULL),
(635, 'admin9', 41, 'Shop check inbox em với', '2023-08-04 08:23:17', NULL),
(636, 'admin9', 13, 'Hàng ok lắm mn nhé, đầm mà chắc tay lắm ạ, sẽ ủng hộ lần tiếp theo', '2023-08-04 08:23:17', NULL),
(637, 'client2', 6, 'Shop check inbox em với', '2023-08-04 08:23:18', NULL),
(638, 'client2', 24, 'Xe bằng kim loại,hơi bé so với tưởng tượng.Tạm chấp nhận được.', '2023-08-04 08:23:18', NULL),
(639, 'client4', 23, 'Khi nào thì có hàng lại vậy ạ', '2023-08-04 08:23:18', NULL),
(640, 'client4', 32, 'Shop check inbox em với', '2023-08-04 08:23:18', NULL),
(641, 'client4', 37, 'Giao hàng nhanh chất lượng sản phẩm ok, cánh cửa xe hơi lỏng lẻo', '2023-08-04 08:23:18', NULL),
(642, 'admin7', 32, 'Hàng ok lắm mn nhé, đầm mà chắc tay lắm ạ, sẽ ủng hộ lần tiếp theo', '2023-08-04 08:23:18', NULL),
(643, 'client6', 8, 'Xe bằng kim loại,hơi bé so với tưởng tượng.Tạm chấp nhận được.', '2023-08-04 08:23:18', NULL),
(644, 'client4', 44, 'Xe giá này là quá ok rùi mn ạ vừa tiền mà để trang trí bày đẹp lắm ý nên mua nha', '2023-08-04 08:23:18', NULL),
(645, 'admin7', 19, 'Giao hàng nhanh chất lượng sản phẩm ok, cánh cửa xe hơi lỏng lẻo', '2023-08-04 08:23:18', NULL),
(646, 'client6', 30, 'Xe rất đẹp, nặng tay, âm thanh khá hay. Màu sơn đẹp, Nói chung là rất đáng đồng tiền.', '2023-08-04 08:23:18', NULL),
(647, 'client6', 39, 'Xe bằng kim loại,hơi bé so với tưởng tượng.Tạm chấp nhận được.', '2023-08-04 08:23:18', NULL),
(648, 'admin3', 37, 'Giao hàng nhanh. Sản phẩm giống hình, chất lượng tốt. Nên mua', '2023-08-04 08:23:18', NULL),
(649, 'admin10', 43, 'Shop check inbox em với', '2023-08-04 08:23:18', NULL),
(650, 'client1', 50, 'Sản phẩm đẹp lắm', '2023-08-04 08:23:18', NULL),
(651, 'client4', 3, 'Shop check inbox em với', '2023-08-04 08:23:18', NULL),
(652, 'admin8', 6, 'Sản phẩm vô cùng chất lượng', '2023-08-04 08:23:18', NULL),
(653, 'client6', 19, 'Shop check inbox em với', '2023-08-04 08:23:18', NULL),
(654, 'client1', 9, 'Xe giá này là quá ok rùi mn ạ vừa tiền mà để trang trí bày đẹp lắm ý nên mua nha', '2023-08-04 08:23:18', NULL),
(655, 'admin9', 14, 'Xe rất đẹp, nặng tay, âm thanh khá hay. Màu sơn đẹp, Nói chung là rất đáng đồng tiền.', '2023-08-04 08:23:18', NULL),
(656, 'admin5', 26, 'Giao hàng nhanh chất lượng sản phẩm ok, cánh cửa xe hơi lỏng lẻo', '2023-08-04 08:23:18', NULL),
(657, 'admin7', 9, 'Xe giá này là quá ok rùi mn ạ vừa tiền mà để trang trí bày đẹp lắm ý nên mua nha', '2023-08-04 08:23:18', NULL),
(658, 'client1', 25, 'Shop check inbox em với', '2023-08-04 08:23:18', NULL),
(659, 'client6', 7, 'Sản phẩm đẹp lắm', '2023-08-04 08:23:18', NULL),
(660, 'admin10', 12, 'Xe giá này là quá ok rùi mn ạ vừa tiền mà để trang trí bày đẹp lắm ý nên mua nha', '2023-08-04 08:23:18', NULL),
(661, 'admin5', 4, 'Giao hàng nhanh. Sản phẩm giống hình, chất lượng tốt. Nên mua', '2023-08-04 08:23:18', NULL),
(662, 'admin9', 43, 'Giao hàng nhanh chất lượng sản phẩm ok, cánh cửa xe hơi lỏng lẻo', '2023-08-04 08:23:18', NULL),
(663, 'client2', 13, 'Xe giá này là quá ok rùi mn ạ vừa tiền mà để trang trí bày đẹp lắm ý nên mua nha', '2023-08-04 08:23:18', NULL),
(664, 'admin10', 46, 'Xe giá này là quá ok rùi mn ạ vừa tiền mà để trang trí bày đẹp lắm ý nên mua nha', '2023-08-04 08:23:18', NULL),
(665, 'client6', 41, 'Shop check inbox em với', '2023-08-04 08:23:18', NULL),
(666, 'admin5', 21, 'Sản phẩm vô cùng chất lượng', '2023-08-04 08:23:18', NULL),
(667, 'admin5', 47, 'Giao hàng nhanh. Sản phẩm giống hình, chất lượng tốt. Nên mua', '2023-08-04 08:23:18', NULL),
(668, 'admin10', 13, 'Hàng ok lắm mn nhé, đầm mà chắc tay lắm ạ, sẽ ủng hộ lần tiếp theo', '2023-08-04 08:23:18', NULL),
(669, 'admin5', 32, 'Khi nào thì có hàng lại vậy ạ', '2023-08-04 08:23:18', NULL),
(670, 'client1', 19, 'Xe rất đẹp, nặng tay, âm thanh khá hay. Màu sơn đẹp, Nói chung là rất đáng đồng tiền.', '2023-08-04 08:23:19', NULL),
(671, 'client1', 17, 'Sản phẩm đẹp lắm', '2023-08-04 08:23:19', NULL),
(672, 'client1', 34, 'Giao hàng nhanh. Sản phẩm giống hình, chất lượng tốt. Nên mua', '2023-08-04 08:23:19', NULL),
(673, 'client1', 2, 'Xe giá này là quá ok rùi mn ạ vừa tiền mà để trang trí bày đẹp lắm ý nên mua nha', '2023-08-04 08:23:19', NULL),
(674, 'admin8', 22, 'Giao hàng nhanh. Sản phẩm giống hình, chất lượng tốt. Nên mua', '2023-08-04 08:23:19', NULL),
(675, 'admin3', 26, 'Giao hàng nhanh chất lượng sản phẩm ok, cánh cửa xe hơi lỏng lẻo', '2023-08-04 08:23:19', NULL),
(676, 'admin7', 40, 'Sản phẩm đẹp lắm', '2023-08-04 08:23:19', NULL),
(677, 'admin5', 46, 'Giao hàng nhanh chất lượng sản phẩm ok, cánh cửa xe hơi lỏng lẻo', '2023-08-04 08:23:19', NULL),
(678, 'admin8', 18, 'Giao hàng nhanh chất lượng sản phẩm ok, cánh cửa xe hơi lỏng lẻo', '2023-08-04 08:23:19', NULL),
(679, 'client2', 47, 'Giao hàng nhanh. Sản phẩm giống hình, chất lượng tốt. Nên mua', '2023-08-04 08:23:19', NULL),
(680, 'admin3', 4, 'Sản phẩm đẹp lắm', '2023-08-04 08:23:19', NULL),
(681, 'admin7', 36, 'Xe giá này là quá ok rùi mn ạ vừa tiền mà để trang trí bày đẹp lắm ý nên mua nha', '2023-08-04 08:23:19', NULL),
(682, 'admin9', 8, 'Xe rất đẹp, nặng tay, âm thanh khá hay. Màu sơn đẹp, Nói chung là rất đáng đồng tiền.', '2023-08-04 08:23:19', NULL),
(683, 'client6', 49, 'Giao hàng nhanh chất lượng sản phẩm ok, cánh cửa xe hơi lỏng lẻo', '2023-08-04 08:23:19', NULL),
(684, 'admin3', 36, 'Xe giá này là quá ok rùi mn ạ vừa tiền mà để trang trí bày đẹp lắm ý nên mua nha', '2023-08-04 08:23:19', NULL),
(685, 'admin9', 15, 'Xe rất đẹp, nặng tay, âm thanh khá hay. Màu sơn đẹp, Nói chung là rất đáng đồng tiền.', '2023-08-04 08:23:19', NULL),
(686, 'admin3', 12, 'Sản phẩm đẹp lắm', '2023-08-04 08:23:19', NULL),
(687, 'admin10', 36, 'Xe rất đẹp, nặng tay, âm thanh khá hay. Màu sơn đẹp, Nói chung là rất đáng đồng tiền.', '2023-08-04 08:23:19', NULL),
(688, 'admin9', 31, 'Giao hàng nhanh. Sản phẩm giống hình, chất lượng tốt. Nên mua', '2023-08-04 08:23:19', NULL),
(689, 'client6', 34, 'Khi nào thì có hàng lại vậy ạ', '2023-08-04 08:23:19', NULL),
(690, 'admin9', 48, 'Giao hàng nhanh chất lượng sản phẩm ok, cánh cửa xe hơi lỏng lẻo', '2023-08-04 08:23:19', NULL),
(691, 'client4', 1, 'Khi nào thì có hàng lại vậy ạ', '2023-08-04 08:23:19', NULL),
(692, 'admin3', 38, 'Shop check inbox em với', '2023-08-04 08:23:19', NULL),
(693, 'client4', 47, 'Xe bằng kim loại,hơi bé so với tưởng tượng.Tạm chấp nhận được.', '2023-08-04 08:23:19', NULL),
(694, 'admin5', 39, 'Sản phẩm đẹp lắm', '2023-08-04 08:23:19', NULL),
(695, 'client6', 32, 'Shop check inbox em với', '2023-08-04 08:23:19', NULL),
(696, 'admin8', 3, 'Sản phẩm đẹp lắm', '2023-08-04 08:23:19', NULL),
(697, 'client4', 40, 'Xe bằng kim loại,hơi bé so với tưởng tượng.Tạm chấp nhận được.', '2023-08-04 08:23:19', NULL),
(698, 'client4', 21, 'Giao hàng nhanh chất lượng sản phẩm ok, cánh cửa xe hơi lỏng lẻo', '2023-08-04 08:23:19', NULL),
(699, 'admin9', 28, 'Giao hàng nhanh. Sản phẩm giống hình, chất lượng tốt. Nên mua', '2023-08-04 08:23:19', NULL),
(700, 'admin9', 17, 'Sản phẩm vô cùng chất lượng', '2023-08-04 08:23:19', NULL),
(701, 'admin10', 16, 'Xe giá này là quá ok rùi mn ạ vừa tiền mà để trang trí bày đẹp lắm ý nên mua nha', '2023-08-04 08:23:20', NULL),
(702, 'admin10', 5, 'Khi nào thì có hàng lại vậy ạ', '2023-08-04 08:23:20', NULL),
(703, 'admin7', 21, 'Giao hàng nhanh chất lượng sản phẩm ok, cánh cửa xe hơi lỏng lẻo', '2023-08-04 08:23:20', NULL),
(704, 'admin10', 31, 'Hàng ok lắm mn nhé, đầm mà chắc tay lắm ạ, sẽ ủng hộ lần tiếp theo', '2023-08-04 08:23:20', NULL),
(705, 'admin7', 1, 'Xe giá này là quá ok rùi mn ạ vừa tiền mà để trang trí bày đẹp lắm ý nên mua nha', '2023-08-04 08:23:20', NULL),
(706, 'client2', 40, 'Xe bằng kim loại,hơi bé so với tưởng tượng.Tạm chấp nhận được.', '2023-08-04 08:23:20', NULL),
(707, 'admin7', 18, 'Hàng ok lắm mn nhé, đầm mà chắc tay lắm ạ, sẽ ủng hộ lần tiếp theo', '2023-08-04 08:23:20', NULL),
(708, 'admin10', 42, 'Xe bằng kim loại,hơi bé so với tưởng tượng.Tạm chấp nhận được.', '2023-08-04 08:23:20', NULL),
(709, 'client6', 15, 'Sản phẩm đẹp lắm', '2023-08-04 08:23:20', NULL),
(710, 'client4', 16, 'Xe rất đẹp, nặng tay, âm thanh khá hay. Màu sơn đẹp, Nói chung là rất đáng đồng tiền.', '2023-08-04 08:23:20', NULL),
(711, 'admin7', 46, 'Sản phẩm vô cùng chất lượng', '2023-08-04 08:23:20', NULL),
(712, 'admin3', 27, 'Sản phẩm đẹp lắm', '2023-08-04 08:23:20', NULL),
(713, 'admin5', 4, 'Xe bằng kim loại,hơi bé so với tưởng tượng.Tạm chấp nhận được.', '2023-08-04 08:23:20', NULL),
(714, 'client1', 45, 'Xe bằng kim loại,hơi bé so với tưởng tượng.Tạm chấp nhận được.', '2023-08-04 08:23:20', NULL),
(715, 'client2', 35, 'Sản phẩm đẹp lắm', '2023-08-04 08:23:20', NULL),
(716, 'admin3', 18, 'Khi nào thì có hàng lại vậy ạ', '2023-08-04 08:23:20', NULL),
(717, 'admin7', 44, 'Giao hàng nhanh. Sản phẩm giống hình, chất lượng tốt. Nên mua', '2023-08-04 08:23:20', NULL),
(718, 'client6', 5, 'Xe rất đẹp, nặng tay, âm thanh khá hay. Màu sơn đẹp, Nói chung là rất đáng đồng tiền.', '2023-08-04 08:23:20', NULL),
(719, 'admin3', 26, 'Xe bằng kim loại,hơi bé so với tưởng tượng.Tạm chấp nhận được.', '2023-08-04 08:23:20', NULL),
(720, 'client6', 19, 'Giao hàng nhanh chất lượng sản phẩm ok, cánh cửa xe hơi lỏng lẻo', '2023-08-04 08:23:20', NULL),
(721, 'admin5', 43, 'Giao hàng nhanh. Sản phẩm giống hình, chất lượng tốt. Nên mua', '2023-08-04 08:23:20', NULL),
(722, 'admin10', 46, 'Sản phẩm đẹp lắm', '2023-08-04 08:23:20', NULL),
(723, 'admin10', 3, 'Giao hàng nhanh chất lượng sản phẩm ok, cánh cửa xe hơi lỏng lẻo', '2023-08-04 08:23:20', NULL),
(724, 'admin10', 18, 'Xe rất đẹp, nặng tay, âm thanh khá hay. Màu sơn đẹp, Nói chung là rất đáng đồng tiền.', '2023-08-04 08:23:20', NULL),
(725, 'admin9', 29, 'Hàng ok lắm mn nhé, đầm mà chắc tay lắm ạ, sẽ ủng hộ lần tiếp theo', '2023-08-04 08:23:20', NULL),
(726, 'admin5', 30, 'Xe bằng kim loại,hơi bé so với tưởng tượng.Tạm chấp nhận được.', '2023-08-04 08:23:20', NULL),
(727, 'admin9', 50, 'Hàng ok lắm mn nhé, đầm mà chắc tay lắm ạ, sẽ ủng hộ lần tiếp theo', '2023-08-04 08:23:20', NULL),
(728, 'admin5', 45, 'Xe bằng kim loại,hơi bé so với tưởng tượng.Tạm chấp nhận được.', '2023-08-04 08:23:20', NULL),
(729, 'client2', 29, 'Khi nào thì có hàng lại vậy ạ', '2023-08-04 08:23:20', NULL),
(730, 'admin8', 44, 'Giao hàng nhanh chất lượng sản phẩm ok, cánh cửa xe hơi lỏng lẻo', '2023-08-04 08:23:20', NULL),
(731, 'admin5', 17, 'Shop check inbox em với', '2023-08-04 08:23:20', NULL),
(732, 'client6', 15, 'Giao hàng nhanh. Sản phẩm giống hình, chất lượng tốt. Nên mua', '2023-08-04 08:23:20', NULL),
(733, 'admin3', 30, 'Giao hàng nhanh chất lượng sản phẩm ok, cánh cửa xe hơi lỏng lẻo', '2023-08-04 08:23:21', NULL),
(734, 'admin8', 1, 'Xe giá này là quá ok rùi mn ạ vừa tiền mà để trang trí bày đẹp lắm ý nên mua nha', '2023-08-04 08:23:21', NULL),
(735, 'admin7', 32, 'Giao hàng nhanh. Sản phẩm giống hình, chất lượng tốt. Nên mua', '2023-08-04 08:23:21', NULL),
(736, 'admin3', 4, 'Xe giá này là quá ok rùi mn ạ vừa tiền mà để trang trí bày đẹp lắm ý nên mua nha', '2023-08-04 08:23:21', NULL),
(737, 'admin5', 49, 'Shop check inbox em với', '2023-08-04 08:23:21', NULL),
(738, 'client1', 19, 'Sản phẩm đẹp lắm', '2023-08-04 08:23:21', NULL),
(739, 'admin8', 19, 'Giao hàng nhanh. Sản phẩm giống hình, chất lượng tốt. Nên mua', '2023-08-04 08:23:21', NULL),
(740, 'admin5', 40, 'Giao hàng nhanh. Sản phẩm giống hình, chất lượng tốt. Nên mua', '2023-08-04 08:23:21', NULL),
(741, 'client2', 19, 'Xe giá này là quá ok rùi mn ạ vừa tiền mà để trang trí bày đẹp lắm ý nên mua nha', '2023-08-04 08:23:21', NULL),
(742, 'admin10', 18, 'Khi nào thì có hàng lại vậy ạ', '2023-08-04 08:23:21', NULL),
(743, 'client4', 37, 'Khi nào thì có hàng lại vậy ạ', '2023-08-04 08:23:21', NULL),
(744, 'admin5', 35, 'Khi nào thì có hàng lại vậy ạ', '2023-08-04 08:23:21', NULL),
(745, 'admin3', 26, 'Giao hàng nhanh. Sản phẩm giống hình, chất lượng tốt. Nên mua', '2023-08-04 08:23:21', NULL),
(746, 'client1', 42, 'Khi nào thì có hàng lại vậy ạ', '2023-08-04 08:23:21', NULL),
(747, 'client1', 27, 'Khi nào thì có hàng lại vậy ạ', '2023-08-04 08:23:21', NULL),
(748, 'admin8', 29, 'Xe giá này là quá ok rùi mn ạ vừa tiền mà để trang trí bày đẹp lắm ý nên mua nha', '2023-08-04 08:23:21', NULL),
(749, 'client2', 12, 'Khi nào thì có hàng lại vậy ạ', '2023-08-04 08:23:21', NULL),
(750, 'admin10', 2, 'Hàng ok lắm mn nhé, đầm mà chắc tay lắm ạ, sẽ ủng hộ lần tiếp theo', '2023-08-04 08:23:21', NULL),
(751, 'admin10', 48, 'Giao hàng nhanh. Sản phẩm giống hình, chất lượng tốt. Nên mua', '2023-08-04 08:23:21', NULL),
(752, 'admin3', 25, 'Hàng ok lắm mn nhé, đầm mà chắc tay lắm ạ, sẽ ủng hộ lần tiếp theo', '2023-08-04 08:23:21', NULL),
(753, 'admin8', 5, 'Sản phẩm đẹp lắm', '2023-08-04 08:23:21', NULL),
(754, 'admin9', 25, 'Giao hàng nhanh chất lượng sản phẩm ok, cánh cửa xe hơi lỏng lẻo', '2023-08-04 08:23:21', NULL),
(755, 'admin8', 18, 'Khi nào thì có hàng lại vậy ạ', '2023-08-04 08:23:21', NULL),
(756, 'admin8', 11, 'Sản phẩm đẹp lắm', '2023-08-04 08:23:21', NULL),
(757, 'client4', 31, 'Sản phẩm vô cùng chất lượng', '2023-08-04 08:23:21', NULL),
(758, 'admin5', 43, 'Giao hàng nhanh. Sản phẩm giống hình, chất lượng tốt. Nên mua', '2023-08-04 08:23:21', NULL),
(759, 'admin8', 19, 'Giao hàng nhanh. Sản phẩm giống hình, chất lượng tốt. Nên mua', '2023-08-04 08:23:21', NULL),
(760, 'admin10', 21, 'Xe bằng kim loại,hơi bé so với tưởng tượng.Tạm chấp nhận được.', '2023-08-04 08:23:21', NULL),
(761, 'client1', 29, 'Sản phẩm đẹp lắm', '2023-08-04 08:23:21', NULL),
(762, 'admin9', 22, 'Xe giá này là quá ok rùi mn ạ vừa tiền mà để trang trí bày đẹp lắm ý nên mua nha', '2023-08-04 08:23:21', NULL),
(763, 'admin8', 34, 'Giao hàng nhanh. Sản phẩm giống hình, chất lượng tốt. Nên mua', '2023-08-04 08:23:21', NULL),
(764, 'client2', 46, 'Xe rất đẹp, nặng tay, âm thanh khá hay. Màu sơn đẹp, Nói chung là rất đáng đồng tiền.', '2023-08-04 08:23:21', NULL),
(765, 'admin10', 12, 'Xe rất đẹp, nặng tay, âm thanh khá hay. Màu sơn đẹp, Nói chung là rất đáng đồng tiền.', '2023-08-04 08:23:21', NULL),
(766, 'client2', 7, 'Shop check inbox em với', '2023-08-04 08:23:22', NULL),
(767, 'admin8', 41, 'Sản phẩm đẹp lắm', '2023-08-04 08:23:22', NULL),
(768, 'client6', 8, 'Xe rất đẹp, nặng tay, âm thanh khá hay. Màu sơn đẹp, Nói chung là rất đáng đồng tiền.', '2023-08-04 08:23:22', NULL),
(769, 'client2', 14, 'Giao hàng nhanh. Sản phẩm giống hình, chất lượng tốt. Nên mua', '2023-08-04 08:23:22', NULL),
(770, 'admin3', 14, 'Shop check inbox em với', '2023-08-04 08:23:22', NULL),
(771, 'client2', 14, 'Xe giá này là quá ok rùi mn ạ vừa tiền mà để trang trí bày đẹp lắm ý nên mua nha', '2023-08-04 08:23:22', NULL),
(772, 'admin8', 14, 'Sản phẩm đẹp lắm', '2023-08-04 08:23:22', NULL),
(773, 'client4', 1, 'Hàng ok lắm mn nhé, đầm mà chắc tay lắm ạ, sẽ ủng hộ lần tiếp theo', '2023-08-04 08:23:22', NULL),
(774, 'client2', 27, 'Xe rất đẹp, nặng tay, âm thanh khá hay. Màu sơn đẹp, Nói chung là rất đáng đồng tiền.', '2023-08-04 08:23:22', NULL),
(775, 'admin3', 25, 'Hàng ok lắm mn nhé, đầm mà chắc tay lắm ạ, sẽ ủng hộ lần tiếp theo', '2023-08-04 08:23:22', NULL),
(776, 'admin5', 50, 'Hàng ok lắm mn nhé, đầm mà chắc tay lắm ạ, sẽ ủng hộ lần tiếp theo', '2023-08-04 08:23:22', NULL),
(777, 'admin10', 49, 'Xe bằng kim loại,hơi bé so với tưởng tượng.Tạm chấp nhận được.', '2023-08-04 08:23:22', NULL),
(778, 'admin5', 5, 'Xe bằng kim loại,hơi bé so với tưởng tượng.Tạm chấp nhận được.', '2023-08-04 08:23:22', NULL),
(779, 'client1', 14, 'Xe giá này là quá ok rùi mn ạ vừa tiền mà để trang trí bày đẹp lắm ý nên mua nha', '2023-08-04 08:23:22', NULL),
(780, 'admin10', 12, 'Giao hàng nhanh. Sản phẩm giống hình, chất lượng tốt. Nên mua', '2023-08-04 08:23:22', NULL),
(781, 'client1', 26, 'Giao hàng nhanh chất lượng sản phẩm ok, cánh cửa xe hơi lỏng lẻo', '2023-08-04 08:23:22', NULL),
(782, 'admin10', 49, 'Xe rất đẹp, nặng tay, âm thanh khá hay. Màu sơn đẹp, Nói chung là rất đáng đồng tiền.', '2023-08-04 08:23:22', NULL),
(783, 'admin9', 6, 'Giao hàng nhanh. Sản phẩm giống hình, chất lượng tốt. Nên mua', '2023-08-04 08:23:22', NULL),
(784, 'admin3', 23, 'Giao hàng nhanh chất lượng sản phẩm ok, cánh cửa xe hơi lỏng lẻo', '2023-08-04 08:23:22', NULL),
(785, 'client1', 28, 'Hàng ok lắm mn nhé, đầm mà chắc tay lắm ạ, sẽ ủng hộ lần tiếp theo', '2023-08-04 08:23:22', NULL),
(786, 'admin5', 14, 'Xe giá này là quá ok rùi mn ạ vừa tiền mà để trang trí bày đẹp lắm ý nên mua nha', '2023-08-04 08:23:22', NULL),
(787, 'admin9', 41, 'Xe giá này là quá ok rùi mn ạ vừa tiền mà để trang trí bày đẹp lắm ý nên mua nha', '2023-08-04 08:23:22', NULL),
(788, 'client4', 18, 'Xe rất đẹp, nặng tay, âm thanh khá hay. Màu sơn đẹp, Nói chung là rất đáng đồng tiền.', '2023-08-04 08:23:22', NULL),
(789, 'client4', 11, 'Xe giá này là quá ok rùi mn ạ vừa tiền mà để trang trí bày đẹp lắm ý nên mua nha', '2023-08-04 08:23:22', NULL),
(790, 'admin8', 23, 'Hàng ok lắm mn nhé, đầm mà chắc tay lắm ạ, sẽ ủng hộ lần tiếp theo', '2023-08-04 08:23:22', NULL),
(791, 'client6', 16, 'Hàng ok lắm mn nhé, đầm mà chắc tay lắm ạ, sẽ ủng hộ lần tiếp theo', '2023-08-04 08:23:22', NULL),
(792, 'admin8', 12, 'Xe bằng kim loại,hơi bé so với tưởng tượng.Tạm chấp nhận được.', '2023-08-04 08:23:22', NULL),
(793, 'admin8', 49, 'Giao hàng nhanh chất lượng sản phẩm ok, cánh cửa xe hơi lỏng lẻo', '2023-08-04 08:23:22', NULL),
(794, 'admin10', 31, 'Giao hàng nhanh. Sản phẩm giống hình, chất lượng tốt. Nên mua', '2023-08-04 08:23:22', NULL),
(795, 'client1', 37, 'Xe giá này là quá ok rùi mn ạ vừa tiền mà để trang trí bày đẹp lắm ý nên mua nha', '2023-08-04 08:23:22', NULL),
(796, 'client2', 41, 'Khi nào thì có hàng lại vậy ạ', '2023-08-04 08:23:22', NULL),
(797, 'admin3', 12, 'Xe rất đẹp, nặng tay, âm thanh khá hay. Màu sơn đẹp, Nói chung là rất đáng đồng tiền.', '2023-08-04 08:23:23', NULL),
(798, 'admin10', 19, 'Shop check inbox em với', '2023-08-04 08:23:23', NULL),
(799, 'client2', 29, 'Giao hàng nhanh. Sản phẩm giống hình, chất lượng tốt. Nên mua', '2023-08-04 08:23:23', NULL),
(800, 'admin5', 40, 'Shop check inbox em với', '2023-08-04 08:23:23', NULL),
(801, 'admin7', 25, 'Khi nào thì có hàng lại vậy ạ', '2023-08-04 08:23:23', NULL),
(802, 'admin10', 38, 'Khi nào thì có hàng lại vậy ạ', '2023-08-04 08:23:23', NULL),
(803, 'client2', 16, 'Xe bằng kim loại,hơi bé so với tưởng tượng.Tạm chấp nhận được.', '2023-08-04 08:23:23', NULL),
(804, 'admin3', 8, 'Xe bằng kim loại,hơi bé so với tưởng tượng.Tạm chấp nhận được.', '2023-08-04 08:23:23', NULL),
(805, 'client4', 13, 'Hàng ok lắm mn nhé, đầm mà chắc tay lắm ạ, sẽ ủng hộ lần tiếp theo', '2023-08-04 08:23:23', NULL),
(806, 'admin8', 39, 'Sản phẩm vô cùng chất lượng', '2023-08-04 08:23:23', NULL),
(807, 'client1', 33, 'Xe giá này là quá ok rùi mn ạ vừa tiền mà để trang trí bày đẹp lắm ý nên mua nha', '2023-08-04 08:23:23', NULL),
(808, 'admin8', 13, 'Giao hàng nhanh chất lượng sản phẩm ok, cánh cửa xe hơi lỏng lẻo', '2023-08-04 08:23:23', NULL),
(809, 'client6', 6, 'Xe giá này là quá ok rùi mn ạ vừa tiền mà để trang trí bày đẹp lắm ý nên mua nha', '2023-08-04 08:23:23', NULL),
(810, 'admin3', 14, 'Khi nào thì có hàng lại vậy ạ', '2023-08-04 08:23:23', NULL),
(811, 'admin10', 4, 'Khi nào thì có hàng lại vậy ạ', '2023-08-04 08:23:23', NULL),
(812, 'client4', 19, 'Sản phẩm vô cùng chất lượng', '2023-08-04 08:23:23', NULL),
(813, 'client4', 24, 'Sản phẩm vô cùng chất lượng', '2023-08-04 08:23:23', NULL),
(814, 'admin8', 47, 'Shop check inbox em với', '2023-08-04 08:23:23', NULL),
(815, 'client4', 26, 'Giao hàng nhanh chất lượng sản phẩm ok, cánh cửa xe hơi lỏng lẻo', '2023-08-04 08:23:23', NULL),
(816, 'client4', 4, 'Khi nào thì có hàng lại vậy ạ', '2023-08-04 08:23:23', NULL),
(817, 'client4', 49, 'Xe rất đẹp, nặng tay, âm thanh khá hay. Màu sơn đẹp, Nói chung là rất đáng đồng tiền.', '2023-08-04 08:23:23', NULL),
(818, 'client1', 42, 'Hàng ok lắm mn nhé, đầm mà chắc tay lắm ạ, sẽ ủng hộ lần tiếp theo', '2023-08-04 08:23:23', NULL),
(819, 'admin7', 47, 'Xe giá này là quá ok rùi mn ạ vừa tiền mà để trang trí bày đẹp lắm ý nên mua nha', '2023-08-04 08:23:23', NULL),
(820, 'admin7', 21, 'Hàng ok lắm mn nhé, đầm mà chắc tay lắm ạ, sẽ ủng hộ lần tiếp theo', '2023-08-04 08:23:23', NULL),
(821, 'admin5', 16, 'Xe bằng kim loại,hơi bé so với tưởng tượng.Tạm chấp nhận được.', '2023-08-04 08:23:23', NULL),
(822, 'admin3', 7, 'Shop check inbox em với', '2023-08-04 08:23:23', NULL),
(823, 'admin9', 47, 'Xe giá này là quá ok rùi mn ạ vừa tiền mà để trang trí bày đẹp lắm ý nên mua nha', '2023-08-04 08:23:23', NULL),
(824, 'client4', 44, 'Sản phẩm đẹp lắm', '2023-08-04 08:23:23', NULL),
(825, 'client1', 4, 'Shop check inbox em với', '2023-08-04 08:23:23', NULL),
(826, 'client4', 15, 'Khi nào thì có hàng lại vậy ạ', '2023-08-04 08:23:23', NULL),
(827, 'client4', 23, 'Shop check inbox em với', '2023-08-04 08:23:23', NULL),
(828, 'client1', 10, 'Xe bằng kim loại,hơi bé so với tưởng tượng.Tạm chấp nhận được.', '2023-08-04 08:23:23', NULL),
(829, 'admin7', 40, 'Sản phẩm đẹp lắm', '2023-08-04 08:23:24', NULL),
(830, 'admin9', 19, 'Sản phẩm vô cùng chất lượng', '2023-08-04 08:23:24', NULL),
(831, 'client2', 20, 'Giao hàng nhanh. Sản phẩm giống hình, chất lượng tốt. Nên mua', '2023-08-04 08:23:24', NULL),
(832, 'client6', 11, 'Giao hàng nhanh chất lượng sản phẩm ok, cánh cửa xe hơi lỏng lẻo', '2023-08-04 08:23:24', NULL),
(833, 'client2', 49, 'Khi nào thì có hàng lại vậy ạ', '2023-08-04 08:23:24', NULL),
(834, 'client1', 15, 'Khi nào thì có hàng lại vậy ạ', '2023-08-04 08:23:24', NULL),
(835, 'client2', 32, 'Giao hàng nhanh chất lượng sản phẩm ok, cánh cửa xe hơi lỏng lẻo', '2023-08-04 08:23:24', NULL),
(836, 'client4', 27, 'Sản phẩm vô cùng chất lượng', '2023-08-04 08:23:24', NULL),
(837, 'admin8', 40, 'Khi nào thì có hàng lại vậy ạ', '2023-08-04 08:23:24', NULL),
(838, 'client6', 30, 'Giao hàng nhanh chất lượng sản phẩm ok, cánh cửa xe hơi lỏng lẻo', '2023-08-04 08:23:24', NULL),
(839, 'admin3', 40, 'Shop check inbox em với', '2023-08-04 08:23:24', NULL),
(840, 'client6', 48, 'Khi nào thì có hàng lại vậy ạ', '2023-08-04 08:23:24', NULL),
(841, 'client4', 16, 'Shop check inbox em với', '2023-08-04 08:23:24', NULL),
(842, 'client4', 5, 'Shop check inbox em với', '2023-08-04 08:23:24', NULL),
(843, 'admin7', 43, 'Khi nào thì có hàng lại vậy ạ', '2023-08-04 08:23:24', NULL),
(844, 'admin3', 19, 'Khi nào thì có hàng lại vậy ạ', '2023-08-04 08:23:24', NULL),
(845, 'admin9', 2, 'Giao hàng nhanh chất lượng sản phẩm ok, cánh cửa xe hơi lỏng lẻo', '2023-08-04 08:23:24', NULL),
(846, 'client6', 38, 'Xe giá này là quá ok rùi mn ạ vừa tiền mà để trang trí bày đẹp lắm ý nên mua nha', '2023-08-04 08:23:24', NULL),
(847, 'client2', 12, 'Sản phẩm đẹp lắm', '2023-08-04 08:23:24', NULL),
(848, 'client1', 25, 'Sản phẩm vô cùng chất lượng', '2023-08-04 08:23:24', NULL),
(849, 'admin7', 7, 'Giao hàng nhanh chất lượng sản phẩm ok, cánh cửa xe hơi lỏng lẻo', '2023-08-04 08:23:24', NULL),
(850, 'admin8', 31, 'Giao hàng nhanh. Sản phẩm giống hình, chất lượng tốt. Nên mua', '2023-08-04 08:23:24', NULL),
(851, 'admin5', 46, 'Sản phẩm vô cùng chất lượng', '2023-08-04 08:23:24', NULL),
(852, 'client2', 28, 'Xe bằng kim loại,hơi bé so với tưởng tượng.Tạm chấp nhận được.', '2023-08-04 08:23:24', NULL),
(853, 'admin5', 26, 'Sản phẩm vô cùng chất lượng', '2023-08-04 08:23:24', NULL),
(854, 'client6', 29, 'Khi nào thì có hàng lại vậy ạ', '2023-08-04 08:23:24', NULL),
(855, 'client1', 16, 'Shop check inbox em với', '2023-08-04 08:23:24', NULL),
(856, 'client1', 21, 'Khi nào thì có hàng lại vậy ạ', '2023-08-04 08:23:24', NULL),
(857, 'client4', 18, 'Xe giá này là quá ok rùi mn ạ vừa tiền mà để trang trí bày đẹp lắm ý nên mua nha', '2023-08-04 08:23:24', NULL),
(858, 'client2', 37, 'Sản phẩm vô cùng chất lượng', '2023-08-04 08:23:24', NULL),
(859, 'admin9', 37, 'Xe giá này là quá ok rùi mn ạ vừa tiền mà để trang trí bày đẹp lắm ý nên mua nha', '2023-08-04 08:23:24', NULL),
(860, 'admin10', 7, 'Hàng ok lắm mn nhé, đầm mà chắc tay lắm ạ, sẽ ủng hộ lần tiếp theo', '2023-08-04 08:23:24', NULL),
(861, 'client1', 22, 'Giao hàng nhanh. Sản phẩm giống hình, chất lượng tốt. Nên mua', '2023-08-04 08:23:25', NULL),
(862, 'admin5', 6, 'Giao hàng nhanh. Sản phẩm giống hình, chất lượng tốt. Nên mua', '2023-08-04 08:23:25', NULL),
(863, 'client4', 29, 'Shop check inbox em với', '2023-08-04 08:23:25', NULL),
(864, 'admin3', 20, 'Sản phẩm đẹp lắm', '2023-08-04 08:23:25', NULL),
(865, 'client1', 22, 'Giao hàng nhanh. Sản phẩm giống hình, chất lượng tốt. Nên mua', '2023-08-04 08:23:25', NULL),
(866, 'admin7', 10, 'Shop check inbox em với', '2023-08-04 08:23:25', NULL),
(867, 'admin10', 37, 'Khi nào thì có hàng lại vậy ạ', '2023-08-04 08:23:25', NULL),
(868, 'admin3', 1, 'Giao hàng nhanh chất lượng sản phẩm ok, cánh cửa xe hơi lỏng lẻo', '2023-08-04 08:23:25', NULL),
(869, 'admin3', 49, 'Shop check inbox em với', '2023-08-04 08:23:25', NULL),
(870, 'admin10', 21, 'Sản phẩm vô cùng chất lượng', '2023-08-04 08:23:25', NULL),
(871, 'client2', 9, 'Sản phẩm vô cùng chất lượng', '2023-08-04 08:23:25', NULL),
(872, 'client4', 11, 'Xe giá này là quá ok rùi mn ạ vừa tiền mà để trang trí bày đẹp lắm ý nên mua nha', '2023-08-04 08:23:25', NULL),
(873, 'admin7', 19, 'Khi nào thì có hàng lại vậy ạ', '2023-08-04 08:23:25', NULL),
(874, 'client2', 28, 'Xe bằng kim loại,hơi bé so với tưởng tượng.Tạm chấp nhận được.', '2023-08-04 08:23:25', NULL),
(875, 'admin10', 16, 'Hàng ok lắm mn nhé, đầm mà chắc tay lắm ạ, sẽ ủng hộ lần tiếp theo', '2023-08-04 08:23:25', NULL),
(876, 'admin10', 12, 'Khi nào thì có hàng lại vậy ạ', '2023-08-04 08:23:25', NULL),
(877, 'admin5', 14, 'Giao hàng nhanh. Sản phẩm giống hình, chất lượng tốt. Nên mua', '2023-08-04 08:23:25', NULL),
(878, 'admin10', 41, 'Xe bằng kim loại,hơi bé so với tưởng tượng.Tạm chấp nhận được.', '2023-08-04 08:23:25', NULL),
(879, 'admin7', 31, 'Xe bằng kim loại,hơi bé so với tưởng tượng.Tạm chấp nhận được.', '2023-08-04 08:23:25', NULL),
(880, 'admin10', 5, 'Sản phẩm đẹp lắm', '2023-08-04 08:23:25', NULL),
(881, 'client4', 48, 'Hàng ok lắm mn nhé, đầm mà chắc tay lắm ạ, sẽ ủng hộ lần tiếp theo', '2023-08-04 08:23:25', NULL),
(882, 'admin10', 23, 'Sản phẩm đẹp lắm', '2023-08-04 08:23:25', NULL),
(883, 'client4', 40, 'Giao hàng nhanh. Sản phẩm giống hình, chất lượng tốt. Nên mua', '2023-08-04 08:23:25', NULL),
(884, 'admin9', 33, 'Xe bằng kim loại,hơi bé so với tưởng tượng.Tạm chấp nhận được.', '2023-08-04 08:23:25', NULL),
(885, 'client2', 44, 'Giao hàng nhanh. Sản phẩm giống hình, chất lượng tốt. Nên mua', '2023-08-04 08:23:25', NULL),
(886, 'admin7', 25, 'Hàng ok lắm mn nhé, đầm mà chắc tay lắm ạ, sẽ ủng hộ lần tiếp theo', '2023-08-04 08:23:25', NULL),
(887, 'client2', 16, 'Shop check inbox em với', '2023-08-04 08:23:25', NULL),
(888, 'client1', 49, 'Xe bằng kim loại,hơi bé so với tưởng tượng.Tạm chấp nhận được.', '2023-08-04 08:23:25', NULL),
(889, 'admin5', 15, 'Xe bằng kim loại,hơi bé so với tưởng tượng.Tạm chấp nhận được.', '2023-08-04 08:23:25', NULL),
(890, 'admin9', 19, 'Shop check inbox em với', '2023-08-04 08:23:25', NULL),
(891, 'client2', 3, 'Xe giá này là quá ok rùi mn ạ vừa tiền mà để trang trí bày đẹp lắm ý nên mua nha', '2023-08-04 08:23:25', NULL),
(892, 'admin5', 29, 'Shop check inbox em với', '2023-08-04 08:23:25', NULL),
(893, 'client6', 49, 'Xe giá này là quá ok rùi mn ạ vừa tiền mà để trang trí bày đẹp lắm ý nên mua nha', '2023-08-04 08:23:26', NULL),
(894, 'admin10', 12, 'Hàng ok lắm mn nhé, đầm mà chắc tay lắm ạ, sẽ ủng hộ lần tiếp theo', '2023-08-04 08:23:26', NULL),
(895, 'admin8', 13, 'Sản phẩm vô cùng chất lượng', '2023-08-04 08:23:26', NULL),
(896, 'client4', 6, 'Sản phẩm vô cùng chất lượng', '2023-08-04 08:23:26', NULL),
(897, 'admin5', 35, 'Giao hàng nhanh. Sản phẩm giống hình, chất lượng tốt. Nên mua', '2023-08-04 08:23:26', NULL),
(898, 'client1', 29, 'Xe giá này là quá ok rùi mn ạ vừa tiền mà để trang trí bày đẹp lắm ý nên mua nha', '2023-08-04 08:23:26', NULL),
(899, 'admin7', 18, 'Giao hàng nhanh chất lượng sản phẩm ok, cánh cửa xe hơi lỏng lẻo', '2023-08-04 08:23:26', NULL),
(900, 'admin3', 20, 'Giao hàng nhanh chất lượng sản phẩm ok, cánh cửa xe hơi lỏng lẻo', '2023-08-04 08:23:26', NULL),
(901, 'admin3', 19, 'Xe giá này là quá ok rùi mn ạ vừa tiền mà để trang trí bày đẹp lắm ý nên mua nha', '2023-08-04 08:23:26', NULL),
(902, 'admin9', 38, 'Sản phẩm vô cùng chất lượng', '2023-08-04 08:23:26', NULL),
(903, 'client4', 23, 'Sản phẩm vô cùng chất lượng', '2023-08-04 08:23:26', NULL),
(904, 'admin10', 48, 'Giao hàng nhanh chất lượng sản phẩm ok, cánh cửa xe hơi lỏng lẻo', '2023-08-04 08:23:26', NULL),
(905, 'client6', 48, 'Xe rất đẹp, nặng tay, âm thanh khá hay. Màu sơn đẹp, Nói chung là rất đáng đồng tiền.', '2023-08-04 08:23:26', NULL),
(906, 'admin9', 34, 'Giao hàng nhanh chất lượng sản phẩm ok, cánh cửa xe hơi lỏng lẻo', '2023-08-04 08:23:26', NULL),
(907, 'admin10', 24, 'Giao hàng nhanh. Sản phẩm giống hình, chất lượng tốt. Nên mua', '2023-08-04 08:23:26', NULL),
(908, 'admin8', 21, 'Hàng ok lắm mn nhé, đầm mà chắc tay lắm ạ, sẽ ủng hộ lần tiếp theo', '2023-08-04 08:23:26', NULL),
(909, 'admin7', 22, 'Xe giá này là quá ok rùi mn ạ vừa tiền mà để trang trí bày đẹp lắm ý nên mua nha', '2023-08-04 08:23:26', NULL),
(910, 'admin9', 9, 'Xe bằng kim loại,hơi bé so với tưởng tượng.Tạm chấp nhận được.', '2023-08-04 08:23:26', NULL),
(911, 'admin9', 10, 'Giao hàng nhanh chất lượng sản phẩm ok, cánh cửa xe hơi lỏng lẻo', '2023-08-04 08:23:26', NULL),
(912, 'admin5', 9, 'Sản phẩm vô cùng chất lượng', '2023-08-04 08:23:26', NULL),
(913, 'client6', 38, 'Giao hàng nhanh chất lượng sản phẩm ok, cánh cửa xe hơi lỏng lẻo', '2023-08-04 08:23:26', NULL),
(914, 'client2', 11, 'Xe rất đẹp, nặng tay, âm thanh khá hay. Màu sơn đẹp, Nói chung là rất đáng đồng tiền.', '2023-08-04 08:23:26', NULL),
(915, 'client4', 4, 'Xe rất đẹp, nặng tay, âm thanh khá hay. Màu sơn đẹp, Nói chung là rất đáng đồng tiền.', '2023-08-04 08:23:26', NULL),
(916, 'admin10', 23, 'Hàng ok lắm mn nhé, đầm mà chắc tay lắm ạ, sẽ ủng hộ lần tiếp theo', '2023-08-04 08:23:26', NULL),
(917, 'admin7', 35, 'Shop check inbox em với', '2023-08-04 08:23:26', NULL),
(918, 'client4', 24, 'Giao hàng nhanh chất lượng sản phẩm ok, cánh cửa xe hơi lỏng lẻo', '2023-08-04 08:23:26', NULL),
(919, 'client6', 6, 'Khi nào thì có hàng lại vậy ạ', '2023-08-04 08:23:26', NULL),
(920, 'admin3', 19, 'Sản phẩm đẹp lắm', '2023-08-04 08:23:26', NULL),
(921, 'client1', 20, 'Giao hàng nhanh chất lượng sản phẩm ok, cánh cửa xe hơi lỏng lẻo', '2023-08-04 08:23:26', NULL),
(922, 'client2', 5, 'Xe rất đẹp, nặng tay, âm thanh khá hay. Màu sơn đẹp, Nói chung là rất đáng đồng tiền.', '2023-08-04 08:23:26', NULL),
(923, 'admin3', 16, 'Sản phẩm vô cùng chất lượng', '2023-08-04 08:23:26', NULL),
(924, 'admin7', 27, 'Giao hàng nhanh chất lượng sản phẩm ok, cánh cửa xe hơi lỏng lẻo', '2023-08-04 08:23:26', NULL),
(925, 'client1', 48, 'Hàng ok lắm mn nhé, đầm mà chắc tay lắm ạ, sẽ ủng hộ lần tiếp theo', '2023-08-04 08:23:26', NULL),
(926, 'admin5', 2, 'Sản phẩm đẹp lắm', '2023-08-04 08:23:27', NULL),
(927, 'admin8', 43, 'Sản phẩm vô cùng chất lượng', '2023-08-04 08:23:27', NULL),
(928, 'client6', 34, 'Sản phẩm đẹp lắm', '2023-08-04 08:23:27', NULL),
(929, 'admin3', 50, 'Xe rất đẹp, nặng tay, âm thanh khá hay. Màu sơn đẹp, Nói chung là rất đáng đồng tiền.', '2023-08-04 08:23:27', NULL),
(930, 'client6', 12, 'Xe bằng kim loại,hơi bé so với tưởng tượng.Tạm chấp nhận được.', '2023-08-04 08:23:27', NULL),
(931, 'admin10', 2, 'Giao hàng nhanh chất lượng sản phẩm ok, cánh cửa xe hơi lỏng lẻo', '2023-08-04 08:23:27', NULL),
(932, 'client1', 1, 'Giao hàng nhanh chất lượng sản phẩm ok, cánh cửa xe hơi lỏng lẻo', '2023-08-04 08:23:27', NULL),
(933, 'admin8', 48, 'Giao hàng nhanh. Sản phẩm giống hình, chất lượng tốt. Nên mua', '2023-08-04 08:23:27', NULL),
(934, 'client2', 31, 'Giao hàng nhanh chất lượng sản phẩm ok, cánh cửa xe hơi lỏng lẻo', '2023-08-04 08:23:27', NULL),
(935, 'admin10', 16, 'Giao hàng nhanh. Sản phẩm giống hình, chất lượng tốt. Nên mua', '2023-08-04 08:23:27', NULL),
(936, 'client2', 32, 'Khi nào thì có hàng lại vậy ạ', '2023-08-04 08:23:27', NULL),
(937, 'admin10', 13, 'Khi nào thì có hàng lại vậy ạ', '2023-08-04 08:23:27', NULL),
(938, 'client2', 20, 'Giao hàng nhanh. Sản phẩm giống hình, chất lượng tốt. Nên mua', '2023-08-04 08:23:27', NULL),
(939, 'admin8', 41, 'Hàng ok lắm mn nhé, đầm mà chắc tay lắm ạ, sẽ ủng hộ lần tiếp theo', '2023-08-04 08:23:27', NULL),
(940, 'client2', 20, 'Giao hàng nhanh. Sản phẩm giống hình, chất lượng tốt. Nên mua', '2023-08-04 08:23:27', NULL),
(941, 'client1', 1, 'Shop check inbox em với', '2023-08-04 08:23:27', NULL),
(942, 'admin10', 39, 'Sản phẩm đẹp lắm', '2023-08-04 08:23:27', NULL),
(943, 'client1', 28, 'Giao hàng nhanh. Sản phẩm giống hình, chất lượng tốt. Nên mua', '2023-08-04 08:23:27', NULL),
(944, 'client4', 21, 'Sản phẩm vô cùng chất lượng', '2023-08-04 08:23:27', NULL),
(945, 'admin7', 26, 'Shop check inbox em với', '2023-08-04 08:23:27', NULL),
(946, 'admin7', 10, 'Sản phẩm đẹp lắm', '2023-08-04 08:23:27', NULL),
(947, 'client2', 7, 'Hàng ok lắm mn nhé, đầm mà chắc tay lắm ạ, sẽ ủng hộ lần tiếp theo', '2023-08-04 08:23:27', NULL),
(948, 'admin5', 12, 'Shop check inbox em với', '2023-08-04 08:23:27', NULL),
(949, 'admin7', 24, 'Giao hàng nhanh. Sản phẩm giống hình, chất lượng tốt. Nên mua', '2023-08-04 08:23:27', NULL),
(950, 'admin9', 5, 'Xe giá này là quá ok rùi mn ạ vừa tiền mà để trang trí bày đẹp lắm ý nên mua nha', '2023-08-04 08:23:27', NULL),
(951, 'client6', 37, 'Giao hàng nhanh. Sản phẩm giống hình, chất lượng tốt. Nên mua', '2023-08-04 08:23:27', NULL),
(952, 'client4', 45, 'Shop check inbox em với', '2023-08-04 08:23:27', NULL),
(953, 'client6', 35, 'Khi nào thì có hàng lại vậy ạ', '2023-08-04 08:23:27', NULL),
(954, 'client4', 17, 'Shop check inbox em với', '2023-08-04 08:23:27', NULL),
(955, 'admin9', 23, 'Hàng ok lắm mn nhé, đầm mà chắc tay lắm ạ, sẽ ủng hộ lần tiếp theo', '2023-08-04 08:23:27', NULL),
(956, 'admin9', 39, 'Sản phẩm vô cùng chất lượng', '2023-08-04 08:23:27', NULL),
(957, 'admin9', 37, 'Sản phẩm vô cùng chất lượng', '2023-08-04 08:23:27', NULL),
(958, 'client2', 16, 'Hàng ok lắm mn nhé, đầm mà chắc tay lắm ạ, sẽ ủng hộ lần tiếp theo', '2023-08-04 08:23:27', NULL),
(959, 'admin9', 42, 'Xe bằng kim loại,hơi bé so với tưởng tượng.Tạm chấp nhận được.', '2023-08-04 08:23:27', NULL),
(960, 'client4', 10, 'Sản phẩm đẹp lắm', '2023-08-04 08:23:27', NULL),
(961, 'client2', 44, 'Xe bằng kim loại,hơi bé so với tưởng tượng.Tạm chấp nhận được.', '2023-08-04 08:23:27', NULL),
(962, 'client1', 12, 'Xe rất đẹp, nặng tay, âm thanh khá hay. Màu sơn đẹp, Nói chung là rất đáng đồng tiền.', '2023-08-04 08:23:28', NULL),
(963, 'admin7', 43, 'Hàng ok lắm mn nhé, đầm mà chắc tay lắm ạ, sẽ ủng hộ lần tiếp theo', '2023-08-04 08:23:28', NULL),
(964, 'admin5', 23, 'Xe bằng kim loại,hơi bé so với tưởng tượng.Tạm chấp nhận được.', '2023-08-04 08:23:28', NULL);
INSERT INTO `db_comment` (`id_comment`, `id_user`, `id_product`, `content`, `created_at`, `updated_at`) VALUES
(965, 'admin5', 25, 'Giao hàng nhanh. Sản phẩm giống hình, chất lượng tốt. Nên mua', '2023-08-04 08:23:28', NULL),
(966, 'admin8', 13, 'Giao hàng nhanh chất lượng sản phẩm ok, cánh cửa xe hơi lỏng lẻo', '2023-08-04 08:23:28', NULL),
(967, 'admin8', 12, 'Khi nào thì có hàng lại vậy ạ', '2023-08-04 08:23:28', NULL),
(968, 'client4', 15, 'Xe bằng kim loại,hơi bé so với tưởng tượng.Tạm chấp nhận được.', '2023-08-04 08:23:28', NULL),
(969, 'client4', 17, 'Xe bằng kim loại,hơi bé so với tưởng tượng.Tạm chấp nhận được.', '2023-08-04 08:23:28', NULL),
(970, 'admin8', 47, 'Xe rất đẹp, nặng tay, âm thanh khá hay. Màu sơn đẹp, Nói chung là rất đáng đồng tiền.', '2023-08-04 08:23:28', NULL),
(971, 'admin5', 22, 'Giao hàng nhanh. Sản phẩm giống hình, chất lượng tốt. Nên mua', '2023-08-04 08:23:28', NULL),
(972, 'client2', 12, 'Xe bằng kim loại,hơi bé so với tưởng tượng.Tạm chấp nhận được.', '2023-08-04 08:23:28', NULL),
(973, 'admin5', 9, 'Xe giá này là quá ok rùi mn ạ vừa tiền mà để trang trí bày đẹp lắm ý nên mua nha', '2023-08-04 08:23:28', NULL),
(974, 'admin8', 50, 'Xe bằng kim loại,hơi bé so với tưởng tượng.Tạm chấp nhận được.', '2023-08-04 08:23:28', NULL),
(975, 'admin8', 11, 'Khi nào thì có hàng lại vậy ạ', '2023-08-04 08:23:28', NULL),
(976, 'client2', 9, 'Khi nào thì có hàng lại vậy ạ', '2023-08-04 08:23:28', NULL),
(977, 'admin7', 46, 'Sản phẩm vô cùng chất lượng', '2023-08-04 08:23:28', NULL),
(978, 'client1', 21, 'Xe bằng kim loại,hơi bé so với tưởng tượng.Tạm chấp nhận được.', '2023-08-04 08:23:28', NULL),
(979, 'client1', 26, 'Giao hàng nhanh chất lượng sản phẩm ok, cánh cửa xe hơi lỏng lẻo', '2023-08-04 08:23:28', NULL),
(980, 'admin10', 46, 'Giao hàng nhanh. Sản phẩm giống hình, chất lượng tốt. Nên mua', '2023-08-04 08:23:28', NULL),
(981, 'admin5', 5, 'Shop check inbox em với', '2023-08-04 08:23:28', NULL),
(982, 'client2', 29, 'Xe rất đẹp, nặng tay, âm thanh khá hay. Màu sơn đẹp, Nói chung là rất đáng đồng tiền.', '2023-08-04 08:23:28', NULL),
(983, 'client2', 18, 'Hàng ok lắm mn nhé, đầm mà chắc tay lắm ạ, sẽ ủng hộ lần tiếp theo', '2023-08-04 08:23:28', NULL),
(984, 'client4', 49, 'Giao hàng nhanh. Sản phẩm giống hình, chất lượng tốt. Nên mua', '2023-08-04 08:23:28', NULL),
(985, 'client2', 16, 'Khi nào thì có hàng lại vậy ạ', '2023-08-04 08:23:28', NULL),
(986, 'admin10', 46, 'Hàng ok lắm mn nhé, đầm mà chắc tay lắm ạ, sẽ ủng hộ lần tiếp theo', '2023-08-04 08:23:28', NULL),
(987, 'client6', 9, 'Giao hàng nhanh. Sản phẩm giống hình, chất lượng tốt. Nên mua', '2023-08-04 08:23:28', NULL),
(988, 'client2', 8, 'Xe giá này là quá ok rùi mn ạ vừa tiền mà để trang trí bày đẹp lắm ý nên mua nha', '2023-08-04 08:23:28', NULL),
(989, 'client2', 20, 'Shop check inbox em với', '2023-08-04 08:23:28', NULL),
(990, 'admin5', 12, 'Sản phẩm đẹp lắm', '2023-08-04 08:23:28', NULL),
(991, 'client4', 20, 'Sản phẩm đẹp lắm', '2023-08-04 08:23:28', NULL),
(992, 'client6', 21, 'Giao hàng nhanh. Sản phẩm giống hình, chất lượng tốt. Nên mua', '2023-08-04 08:23:28', NULL),
(993, 'client4', 1, 'Xe rất đẹp, nặng tay, âm thanh khá hay. Màu sơn đẹp, Nói chung là rất đáng đồng tiền.', '2023-08-04 08:23:28', NULL),
(994, 'client4', 23, 'Giao hàng nhanh. Sản phẩm giống hình, chất lượng tốt. Nên mua', '2023-08-04 08:23:28', NULL),
(995, 'client4', 17, 'Xe rất đẹp, nặng tay, âm thanh khá hay. Màu sơn đẹp, Nói chung là rất đáng đồng tiền.', '2023-08-04 08:23:29', NULL),
(996, 'admin5', 2, 'Khi nào thì có hàng lại vậy ạ', '2023-08-04 08:23:29', NULL),
(997, 'client6', 7, 'Giao hàng nhanh chất lượng sản phẩm ok, cánh cửa xe hơi lỏng lẻo', '2023-08-04 08:23:29', NULL),
(998, 'client4', 26, 'Hàng ok lắm mn nhé, đầm mà chắc tay lắm ạ, sẽ ủng hộ lần tiếp theo', '2023-08-04 08:23:29', NULL),
(999, 'admin5', 33, 'Hàng ok lắm mn nhé, đầm mà chắc tay lắm ạ, sẽ ủng hộ lần tiếp theo', '2023-08-04 08:23:29', NULL),
(1000, 'admin8', 49, 'Giao hàng nhanh chất lượng sản phẩm ok, cánh cửa xe hơi lỏng lẻo', '2023-08-04 08:23:29', NULL);

-- --------------------------------------------------------

--
-- Cấu trúc bảng cho bảng `db_customer`
--

CREATE TABLE `db_customer` (
  `id_customer` int(11) NOT NULL,
  `name` varchar(250) NOT NULL,
  `phone` varchar(20) NOT NULL,
  `full_address` varchar(1000) NOT NULL,
  `email` varchar(250) NOT NULL,
  `created_at` timestamp NOT NULL DEFAULT current_timestamp(),
  `updated_at` timestamp NULL DEFAULT NULL ON UPDATE current_timestamp()
) ENGINE=InnoDB DEFAULT CHARSET=utf8mb4 COLLATE=utf8mb4_unicode_ci;

--
-- Đang đổ dữ liệu cho bảng `db_customer`
--

INSERT INTO `db_customer` (`id_customer`, `name`, `phone`, `full_address`, `email`, `created_at`, `updated_at`) VALUES
(1, 'Phạm Việt Long', '0138674475', '51 Lenin, Hoàn Kiếm, Hà Nội', 'chimsedinang4@gmail.com', '2023-08-04 08:17:07', NULL),
(2, 'Đào  Vỹ', '0527234872', '57 Nguyễn Huệ, Bình Thạnh, Hồ Chí Minh', 'hideonbush3@gmail.com', '2023-08-04 08:17:07', NULL),
(3, 'Trần  Hưng', '0224178402', '26 Hùng Vương, Ea Tam, Đắk Lắk', 'chimsedinang2@gmail.com', '2023-08-04 08:17:07', NULL),
(4, 'Nguyễn  Vỹ', '0252921848', '34 Lenin, Cẩm Lệ, Đà Nẵng', 'chimsedinang25@gmail.com', '2023-08-04 08:17:07', NULL),
(5, 'Nguyễn Ngọc Huy', '0585611040', '100 Lenin, Thủ Đức, Hồ Chí Minh', 'hochiminh30@gmail.com', '2023-08-04 08:17:07', NULL),
(6, 'Nguyễn Gia Vy', '0143339586', '83 Trần Phú, Cẩm Lệ, Đà Nẵng', 'hideonbush31@gmail.com', '2023-08-04 08:17:07', NULL),
(7, 'Đào  Hà', '0740850746', '63 Nguyễn Huệ, Cái Răng, Cần Thơ', 'chimsedinang23@gmail.com', '2023-08-04 08:17:07', NULL),
(8, 'Phạm Nguyên Hà', '0868822983', '23 Quang Trung, Cờ Đỏ, Cần Thơ', 'fpoly24@gmail.com', '2023-08-04 08:17:07', NULL),
(9, 'Phạm Việt Quý', '0377388047', '24 Quang Trung, Quận 2, Hồ Chí Minh', 'fpoly12@gmail.com', '2023-08-04 08:17:07', NULL),
(10, 'Lê  Hà', '0633282131', '95 Quang Trung, Quận 2, Hồ Chí Minh', 'hideonbush3@gmail.com', '2023-08-04 08:17:07', NULL),
(11, 'Lê Ngọc Thạch', '0554092523', '33 Hùng Vương, Hoàng Sa, Đà Nẵng', 'hideonbush17@gmail.com', '2023-08-04 08:17:07', NULL),
(12, 'Phạm Triệu Quý', '0872561546', '55 Quang Trung, Đống Đa, Hà Nội', 'hideonbush3@gmail.com', '2023-08-04 08:17:07', NULL),
(13, 'Nguyễn Ngọc Minh', '0717840055', '23 Nguyễn Huệ, Đắk Mil, Đắk Lắk', 'hochiminh27@gmail.com', '2023-08-04 08:17:07', NULL),
(14, 'Lê Việt Long', '0797719990', '60 Lenin, Tây Hồ, Hà Nội', 'hideonbush25@gmail.com', '2023-08-04 08:17:07', NULL),
(15, 'Trần Triệu Thạch', '0951922453', '41 Lenin, Đống Đa, Hà Nội', 'chimsedinang27@gmail.com', '2023-08-04 08:17:07', NULL),
(16, 'Trần Triệu Long', '0601369043', '37 Nguyễn Tất Thành, Tây Hồ, Hà Nội', 'chimsedinang28@gmail.com', '2023-08-04 08:17:07', NULL),
(17, 'Trần Ngọc Hưng', '0973301480', '61 Quang Trung, Quận 7, Hồ Chí Minh', 'fpoly22@gmail.com', '2023-08-04 08:17:07', NULL),
(18, 'Phạm Ngọc Thạch', '0587371578', '72 Lenin, Quận 1, Hồ Chí Minh', 'fpoly22@gmail.com', '2023-08-04 08:17:07', NULL),
(19, 'Nguyễn  Huy', '0313692365', '79 Hùng Vương, Ba Đình, Hà Nội', 'fpoly28@gmail.com', '2023-08-04 08:17:07', NULL),
(20, 'Trần  Thạch', '0987047175', '71 Trần Phú, Quận 1, Hồ Chí Minh', 'hochiminh8@gmail.com', '2023-08-04 08:17:07', NULL);

-- --------------------------------------------------------

--
-- Cấu trúc bảng cho bảng `db_image_product`
--

CREATE TABLE `db_image_product` (
  `id_image_product` int(11) NOT NULL,
  `id_product` int(11) NOT NULL,
  `image` varchar(100) NOT NULL,
  `created_at` timestamp NOT NULL DEFAULT current_timestamp(),
  `updated_at` timestamp NULL DEFAULT NULL ON UPDATE current_timestamp()
) ENGINE=InnoDB DEFAULT CHARSET=utf8mb4 COLLATE=utf8mb4_unicode_ci;

--
-- Đang đổ dữ liệu cho bảng `db_image_product`
--

INSERT INTO `db_image_product` (`id_image_product`, `id_product`, `image`, `created_at`, `updated_at`) VALUES
(1, 1, 'mercedes_190SL-1.webp', '2023-08-04 08:22:28', NULL),
(2, 1, 'mercedes_190SL-2.webp', '2023-08-04 08:22:28', NULL),
(3, 1, 'mercedes_190SL-3.webp', '2023-08-04 08:22:28', NULL),
(4, 2, 'mercedes_Maybach_S680-1.webp', '2023-08-04 08:22:28', NULL),
(5, 2, 'mercedes_Maybach_S680-2.webp', '2023-08-04 08:22:28', NULL),
(6, 2, 'mercedes_Maybach_S680-3.webp', '2023-08-04 08:22:28', NULL),
(7, 3, 'lamborghini-aventador-lp750-1.webp', '2023-08-04 08:22:28', NULL),
(8, 3, 'lamborghini-aventador-lp750-2.webp', '2023-08-04 08:22:28', NULL),
(9, 3, 'lamborghini-aventador-lp750-3.webp', '2023-08-04 08:22:28', NULL),
(10, 4, 'ferrari_Monza_SP1-1.webp', '2023-08-04 08:22:28', NULL),
(11, 4, 'ferrari_Monza_SP1-2.webp', '2023-08-04 08:22:28', NULL),
(12, 4, 'ferrari_Monza_SP1-3.webp', '2023-08-04 08:22:28', NULL),
(13, 5, 'lamborghini_Huracan Performante_Orange-1.webp', '2023-08-04 08:22:28', NULL),
(14, 5, 'lamborghini_Huracan Performante_Orange-2.webp', '2023-08-04 08:22:28', NULL),
(15, 5, 'lamborghini_Huracan Performante_Orange-3.webp', '2023-08-04 08:22:28', NULL),
(16, 6, 'mercedes-f1-1.webp', '2023-08-04 08:22:28', NULL),
(17, 6, 'mercedes-f1-2.webp', '2023-08-04 08:22:28', NULL),
(18, 6, 'mercedes-f1-3.webp', '2023-08-04 08:22:28', NULL),
(19, 7, 'lamborghini_Huracan Performante_Orange-1.webp', '2023-08-04 08:22:28', NULL),
(20, 7, 'lamborghini_Huracan Performante_Orange-2.webp', '2023-08-04 08:22:28', NULL),
(21, 7, 'lamborghini_Huracan Performante_Orange-3.webp', '2023-08-04 08:22:28', NULL),
(22, 8, 'mcLaren_GT_124_Welly-1.webp', '2023-08-04 08:22:28', NULL),
(23, 8, 'mcLaren_GT_124_Welly-2.webp', '2023-08-04 08:22:28', NULL),
(24, 8, 'mcLaren_GT_124_Welly-3.webp', '2023-08-04 08:22:28', NULL),
(25, 9, 'ferrari_488_GTB-1.webp', '2023-08-04 08:22:28', NULL),
(26, 9, 'ferrari_488_GTB-2.webp', '2023-08-04 08:22:28', NULL),
(27, 9, 'ferrari_488_GTB-3.webp', '2023-08-04 08:22:28', NULL),
(28, 10, 'bmw-m4-gt3-1.webp', '2023-08-04 08:22:28', NULL),
(29, 10, 'bmw-m4-gt3-2.webp', '2023-08-04 08:22:28', NULL),
(30, 10, 'bmw-m4-gt3-3.webp', '2023-08-04 08:22:28', NULL),
(31, 11, 'lamborghini_Sian FKP_37-1.webp', '2023-08-04 08:22:28', NULL),
(32, 11, 'lamborghini_Sian FKP_37-2.webp', '2023-08-04 08:22:28', NULL),
(33, 11, 'lamborghini_Sian FKP_37-3.webp', '2023-08-04 08:22:28', NULL),
(34, 12, 'mcLaren_720S-1.webp', '2023-08-04 08:22:28', NULL),
(35, 12, 'mcLaren_720S-2.webp', '2023-08-04 08:22:28', NULL),
(36, 12, 'mcLaren_720S-3.webp', '2023-08-04 08:22:28', NULL),
(37, 13, 'ferrari_599_gto-1.webp', '2023-08-04 08:22:28', NULL),
(38, 13, 'ferrari_599_gto-2.webp', '2023-08-04 08:22:28', NULL),
(39, 13, 'ferrari_599_gto-3.webp', '2023-08-04 08:22:28', NULL),
(40, 14, 'lamborghini_Huracan Performante_Orange-1.webp', '2023-08-04 08:22:28', NULL),
(41, 14, 'lamborghini_Huracan Performante_Orange-2.webp', '2023-08-04 08:22:29', NULL),
(42, 14, 'lamborghini_Huracan Performante_Orange-3.webp', '2023-08-04 08:22:29', NULL),
(43, 15, 'ferrari_FXXK_EVO-2.webp', '2023-08-04 08:22:29', NULL),
(44, 15, 'ferrari_FXXK_EVO-1.webp', '2023-08-04 08:22:29', NULL),
(45, 15, 'ferrari_FXXK_EVO-3.webp', '2023-08-04 08:22:29', NULL),
(46, 16, 'bmw-m6-gt3-1.webp', '2023-08-04 08:22:29', NULL),
(47, 16, 'bmw-m6-gt3-2.webp', '2023-08-04 08:22:29', NULL),
(48, 16, 'bmw-m6-gt3-3.webp', '2023-08-04 08:22:29', NULL),
(49, 17, 'bmw-m6-gt3-1.webp', '2023-08-04 08:22:29', NULL),
(50, 17, 'bmw-m6-gt3-2.webp', '2023-08-04 08:22:29', NULL),
(51, 17, 'bmw-m6-gt3-3.webp', '2023-08-04 08:22:29', NULL),
(52, 18, 'ferrari_FXXK_EVO-2.webp', '2023-08-04 08:22:29', NULL),
(53, 18, 'ferrari_FXXK_EVO-1.webp', '2023-08-04 08:22:29', NULL),
(54, 18, 'ferrari_FXXK_EVO-3.webp', '2023-08-04 08:22:29', NULL),
(55, 19, 'ferrari_LaFerrari_Aperta-1.webp', '2023-08-04 08:22:29', NULL),
(56, 19, 'ferrari_LaFerrari_Aperta-2.webp', '2023-08-04 08:22:29', NULL),
(57, 19, 'ferrari_LaFerrari_Aperta-3.webp', '2023-08-04 08:22:29', NULL),
(58, 20, 'mercedes-brabus-g800-2020-1.webp', '2023-08-04 08:22:29', NULL),
(59, 20, 'mercedes-brabus-g800-2020-2.webp', '2023-08-04 08:22:29', NULL),
(60, 20, 'mercedes-brabus-g800-2020-3.webp', '2023-08-04 08:22:29', NULL),
(61, 21, 'lamborghini_Huracan Performante_Orange-1.webp', '2023-08-04 08:22:29', NULL),
(62, 21, 'lamborghini_Huracan Performante_Orange-2.webp', '2023-08-04 08:22:29', NULL),
(63, 21, 'lamborghini_Huracan Performante_Orange-3.webp', '2023-08-04 08:22:29', NULL),
(64, 22, 'lamborghini_Aventador_SVJ-1.webp', '2023-08-04 08:22:29', NULL),
(65, 22, 'lamborghini_Aventador_SVJ-2.webp', '2023-08-04 08:22:29', NULL),
(66, 22, 'lamborghini_Aventador_SVJ-3.webp', '2023-08-04 08:22:29', NULL),
(67, 23, 'mcLaren_720S-1.webp', '2023-08-04 08:22:29', NULL),
(68, 23, 'mcLaren_720S-2.webp', '2023-08-04 08:22:29', NULL),
(69, 23, 'mcLaren_720S-3.webp', '2023-08-04 08:22:29', NULL),
(70, 24, 'mercedes_Maybach_S650_2019-1.webp', '2023-08-04 08:22:29', NULL),
(71, 24, 'mercedes_Maybach_S650_2019-2.webp', '2023-08-04 08:22:29', NULL),
(72, 24, 'mercedes_Maybach_S650_2019-3.webp', '2023-08-04 08:22:29', NULL),
(73, 25, 'mercedes_190SL-1.webp', '2023-08-04 08:22:29', NULL),
(74, 25, 'mercedes_190SL-2.webp', '2023-08-04 08:22:29', NULL),
(75, 25, 'mercedes_190SL-3.webp', '2023-08-04 08:22:29', NULL),
(76, 26, 'mercedes_190SL-1.webp', '2023-08-04 08:22:29', NULL),
(77, 26, 'mercedes_190SL-2.webp', '2023-08-04 08:22:29', NULL),
(78, 26, 'mercedes_190SL-3.webp', '2023-08-04 08:22:29', NULL),
(79, 27, 'bmw-m4-gt3-1.webp', '2023-08-04 08:22:29', NULL),
(80, 27, 'bmw-m4-gt3-2.webp', '2023-08-04 08:22:29', NULL),
(81, 27, 'bmw-m4-gt3-3.webp', '2023-08-04 08:22:29', NULL),
(82, 28, 'lamborghini_Aventador_SVJ-1.webp', '2023-08-04 08:22:29', NULL),
(83, 28, 'lamborghini_Aventador_SVJ-2.webp', '2023-08-04 08:22:29', NULL),
(84, 28, 'lamborghini_Aventador_SVJ-3.webp', '2023-08-04 08:22:29', NULL),
(85, 29, 'mercedes_Maybach_S680-1.webp', '2023-08-04 08:22:29', NULL),
(86, 29, 'mercedes_Maybach_S680-2.webp', '2023-08-04 08:22:29', NULL),
(87, 29, 'mercedes_Maybach_S680-3.webp', '2023-08-04 08:22:29', NULL),
(88, 30, 'lamborghini-aventador-lp750-1.webp', '2023-08-04 08:22:29', NULL),
(89, 30, 'lamborghini-aventador-lp750-2.webp', '2023-08-04 08:22:29', NULL),
(90, 30, 'lamborghini-aventador-lp750-3.webp', '2023-08-04 08:22:29', NULL),
(91, 31, 'bmw-m4-gt3-1.webp', '2023-08-04 08:22:29', NULL),
(92, 31, 'bmw-m4-gt3-2.webp', '2023-08-04 08:22:29', NULL),
(93, 31, 'bmw-m4-gt3-3.webp', '2023-08-04 08:22:29', NULL),
(94, 32, 'mercedes_Maybach_S650_2019-1.webp', '2023-08-04 08:22:29', NULL),
(95, 32, 'mercedes_Maybach_S650_2019-2.webp', '2023-08-04 08:22:29', NULL),
(96, 32, 'mercedes_Maybach_S650_2019-3.webp', '2023-08-04 08:22:29', NULL),
(97, 33, 'mcLaren_GT_124_Welly-1.webp', '2023-08-04 08:22:29', NULL),
(98, 33, 'mcLaren_GT_124_Welly-2.webp', '2023-08-04 08:22:29', NULL),
(99, 33, 'mcLaren_GT_124_Welly-3.webp', '2023-08-04 08:22:29', NULL),
(100, 34, 'mercedes-f1-1.webp', '2023-08-04 08:22:29', NULL),
(101, 34, 'mercedes-f1-2.webp', '2023-08-04 08:22:29', NULL),
(102, 34, 'mercedes-f1-3.webp', '2023-08-04 08:22:29', NULL),
(103, 35, 'ferrari_488_GTB-1.webp', '2023-08-04 08:22:29', NULL),
(104, 35, 'ferrari_488_GTB-2.webp', '2023-08-04 08:22:29', NULL),
(105, 35, 'ferrari_488_GTB-3.webp', '2023-08-04 08:22:29', NULL),
(106, 36, 'ferrari_FXXK_EVO-2.webp', '2023-08-04 08:22:29', NULL),
(107, 36, 'ferrari_FXXK_EVO-1.webp', '2023-08-04 08:22:29', NULL),
(108, 36, 'ferrari_FXXK_EVO-3.webp', '2023-08-04 08:22:29', NULL),
(109, 37, 'mercedes-brabus-g800-2020-1.webp', '2023-08-04 08:22:29', NULL),
(110, 37, 'mercedes-brabus-g800-2020-2.webp', '2023-08-04 08:22:29', NULL),
(111, 37, 'mercedes-brabus-g800-2020-3.webp', '2023-08-04 08:22:29', NULL),
(112, 38, 'lamborghini_Sian FKP_37-1.webp', '2023-08-04 08:22:29', NULL),
(113, 38, 'lamborghini_Sian FKP_37-2.webp', '2023-08-04 08:22:29', NULL),
(114, 38, 'lamborghini_Sian FKP_37-3.webp', '2023-08-04 08:22:29', NULL),
(115, 39, 'bmw-i8-1.webp', '2023-08-04 08:22:29', NULL),
(116, 39, 'bmw-i8-2.webp', '2023-08-04 08:22:29', NULL),
(117, 39, 'bmw-i8-3.webp', '2023-08-04 08:22:29', NULL),
(118, 40, 'ferrari_LaFerrari_Aperta-1.webp', '2023-08-04 08:22:29', NULL),
(119, 40, 'ferrari_LaFerrari_Aperta-2.webp', '2023-08-04 08:22:29', NULL),
(120, 40, 'ferrari_LaFerrari_Aperta-3.webp', '2023-08-04 08:22:29', NULL),
(121, 41, 'mercedes_Maybach_S680-1.webp', '2023-08-04 08:22:29', NULL),
(122, 41, 'mercedes_Maybach_S680-2.webp', '2023-08-04 08:22:29', NULL),
(123, 41, 'mercedes_Maybach_S680-3.webp', '2023-08-04 08:22:29', NULL),
(124, 42, 'bmw-m8-132-chimei-light-1.webp', '2023-08-04 08:22:29', NULL),
(125, 42, 'bmw-m8-132-chimei-light-2.webp', '2023-08-04 08:22:29', NULL),
(126, 42, 'bmw-m8-132-chimei-light-3.webp', '2023-08-04 08:22:29', NULL),
(127, 43, 'bmw-m8-132-chimei-light-1.webp', '2023-08-04 08:22:29', NULL),
(128, 43, 'bmw-m8-132-chimei-light-2.webp', '2023-08-04 08:22:29', NULL),
(129, 43, 'bmw-m8-132-chimei-light-3.webp', '2023-08-04 08:22:29', NULL),
(130, 44, 'mercedes_Maybach_S650_2019-1.webp', '2023-08-04 08:22:29', NULL),
(131, 44, 'mercedes_Maybach_S650_2019-2.webp', '2023-08-04 08:22:29', NULL),
(132, 44, 'mercedes_Maybach_S650_2019-3.webp', '2023-08-04 08:22:29', NULL),
(133, 45, 'mcLaren_765LT-1.webp', '2023-08-04 08:22:29', NULL),
(134, 45, 'mcLaren_765LT-2.webp', '2023-08-04 08:22:29', NULL),
(135, 45, 'mcLaren_765LT-3.webp', '2023-08-04 08:22:29', NULL),
(136, 46, 'mcLaren_720S-1.webp', '2023-08-04 08:22:29', NULL),
(137, 46, 'mcLaren_720S-2.webp', '2023-08-04 08:22:29', NULL),
(138, 46, 'mcLaren_720S-3.webp', '2023-08-04 08:22:29', NULL),
(139, 47, 'bmw-m4-gt3-1.webp', '2023-08-04 08:22:29', NULL),
(140, 47, 'bmw-m4-gt3-2.webp', '2023-08-04 08:22:29', NULL),
(141, 47, 'bmw-m4-gt3-3.webp', '2023-08-04 08:22:29', NULL),
(142, 48, 'bmw-m3-1.webp', '2023-08-04 08:22:29', NULL),
(143, 48, 'bmw-m3-2.webp', '2023-08-04 08:22:29', NULL),
(144, 48, 'bmw-m3-3.webp', '2023-08-04 08:22:29', NULL),
(145, 49, 'lamborghini_Huracan Performante_Orange-1.webp', '2023-08-04 08:22:29', NULL),
(146, 49, 'lamborghini_Huracan Performante_Orange-2.webp', '2023-08-04 08:22:29', NULL),
(147, 49, 'lamborghini_Huracan Performante_Orange-3.webp', '2023-08-04 08:22:29', NULL),
(148, 50, 'bmw-m4-gt3-1.webp', '2023-08-04 08:22:29', NULL),
(149, 50, 'bmw-m4-gt3-2.webp', '2023-08-04 08:22:29', NULL),
(150, 50, 'bmw-m4-gt3-3.webp', '2023-08-04 08:22:29', NULL);

-- --------------------------------------------------------

--
-- Cấu trúc bảng cho bảng `db_product`
--

CREATE TABLE `db_product` (
  `id_product` int(11) NOT NULL,
  `id_type` int(11) NOT NULL,
  `price` int(11) NOT NULL,
  `name` varchar(250) NOT NULL,
  `avatar` varchar(100) NOT NULL,
  `hot` tinyint(1) NOT NULL DEFAULT 0 COMMENT '0 là không hot, 1 là hot',
  `description` varchar(2000) NOT NULL,
  `sale` int(11) NOT NULL DEFAULT 0,
  `created_at` timestamp NOT NULL DEFAULT current_timestamp(),
  `updated_at` timestamp NULL DEFAULT NULL ON UPDATE current_timestamp()
) ENGINE=InnoDB DEFAULT CHARSET=utf8mb4 COLLATE=utf8mb4_unicode_ci;

--
-- Đang đổ dữ liệu cho bảng `db_product`
--

INSERT INTO `db_product` (`id_product`, `id_type`, `price`, `name`, `avatar`, `hot`, `description`, `sale`, `created_at`, `updated_at`) VALUES
(1, 2, 889000, 'Mô hình xe Mercedes Maybach S680 W223 2021 1:18 Norev', 'mercedes_190SL.webp', 1, 'Tỉ lệ: 1:18  \r\nChất liệu: Khung xe đúc bằng kim loại, lốp xe bằng cao su, chi tiết xe được mô phỏng tinh xảo và sắc nét, một số chi tiết được mạ chrome. Sản phẩm cao cấp bên trong được lót thảm.\r\nSơn: Lớp sơn tĩnh điện cho độ bền và bóng hoàn hảo.\r\nChức năng: Xe mở được 4 cửa, capo trước và cốp sau. Bánh xe đánh lái được.\r\nKích thước: dài 30cm, ngang 12cm, cao 8.5cm\r\nTrọng Lượng: (đang cập nhật)\r\nHãng sản xuất: Norev\r\n', 3, '2023-08-04 08:20:37', NULL),
(2, 2, 131000, 'Mô hình xe Mercedes F1 2016 W007 Hybrid 1:18 Bburago', 'mercedes_Maybach_S680.webp', 0, 'Tỉ lệ: 1:18  \r\nChất liệu: Khung xe đúc bằng kim loại, lốp xe bằng cao su, chi tiết xe được mô phỏng tinh xảo và sắc nét, một số chi tiết được mạ chrome. Sản phẩm cao cấp bên trong được lót thảm.\r\nSơn: Lớp sơn tĩnh điện cho độ bền và bóng hoàn hảo.\r\nChức năng: Xe mở được 4 cửa, capo trước và cốp sau. Bánh xe đánh lái được.\r\nKích thước: dài 30cm, ngang 12cm, cao 8.5cm\r\nTrọng Lượng: (đang cập nhật)\r\nHãng sản xuất: Norev\r\n', 16, '2023-08-04 08:20:37', NULL),
(3, 3, 2232000, 'Mô hình xe Lamborghini Sian FKP 37 1:24 BBurago', 'lamborghini-aventador-lp750.webp', 0, 'Tỉ lệ: 1:18  \r\nChất liệu: Khung xe đúc bằng kim loại, lốp xe bằng cao su, chi tiết xe được mô phỏng tinh xảo và sắc nét, một số chi tiết được mạ chrome. Sản phẩm cao cấp bên trong được lót thảm.\r\nSơn: Lớp sơn tĩnh điện cho độ bền và bóng hoàn hảo.\r\nChức năng: Xe mở được 4 cửa, capo trước và cốp sau. Bánh xe đánh lái được.\r\nKích thước: dài 30cm, ngang 12cm, cao 8.5cm\r\nTrọng Lượng: (đang cập nhật)\r\nHãng sản xuất: Norev\r\n', 4, '2023-08-04 08:20:37', NULL),
(4, 4, 2989000, 'Mô hình xe Ferrari FXXK EVO 1:18 Bburago Signature', 'ferrari_Monza_SP1.webp', 1, 'Tỉ lệ: 1:18  \r\nChất liệu: Khung xe đúc bằng kim loại, lốp xe bằng cao su, chi tiết xe được mô phỏng tinh xảo và sắc nét, một số chi tiết được mạ chrome. Sản phẩm cao cấp bên trong được lót thảm.\r\nSơn: Lớp sơn tĩnh điện cho độ bền và bóng hoàn hảo.\r\nChức năng: Xe mở được 4 cửa, capo trước và cốp sau. Bánh xe đánh lái được.\r\nKích thước: dài 30cm, ngang 12cm, cao 8.5cm\r\nTrọng Lượng: (đang cập nhật)\r\nHãng sản xuất: Norev\r\n', 7, '2023-08-04 08:20:37', NULL),
(5, 3, 1436000, 'Mô hình xe Lamborghini Huracan Performante Orange 1:24 Bburago', 'lamborghini_Huracan Performante_Orange.webp', 1, 'Tỉ lệ: 1:18  \r\nChất liệu: Khung xe đúc bằng kim loại, lốp xe bằng cao su, chi tiết xe được mô phỏng tinh xảo và sắc nét, một số chi tiết được mạ chrome. Sản phẩm cao cấp bên trong được lót thảm.\r\nSơn: Lớp sơn tĩnh điện cho độ bền và bóng hoàn hảo.\r\nChức năng: Xe mở được 4 cửa, capo trước và cốp sau. Bánh xe đánh lái được.\r\nKích thước: dài 30cm, ngang 12cm, cao 8.5cm\r\nTrọng Lượng: (đang cập nhật)\r\nHãng sản xuất: Norev\r\n', 19, '2023-08-04 08:20:37', NULL),
(6, 2, 2570000, 'Mô hình xe Mercedes Benz Maybach S650 2019 1:18 Almost Real', 'mercedes-f1.webp', 1, 'Tỉ lệ: 1:18  \r\nChất liệu: Khung xe đúc bằng kim loại, lốp xe bằng cao su, chi tiết xe được mô phỏng tinh xảo và sắc nét, một số chi tiết được mạ chrome. Sản phẩm cao cấp bên trong được lót thảm.\r\nSơn: Lớp sơn tĩnh điện cho độ bền và bóng hoàn hảo.\r\nChức năng: Xe mở được 4 cửa, capo trước và cốp sau. Bánh xe đánh lái được.\r\nKích thước: dài 30cm, ngang 12cm, cao 8.5cm\r\nTrọng Lượng: (đang cập nhật)\r\nHãng sản xuất: Norev\r\n', 16, '2023-08-04 08:20:38', NULL),
(7, 3, 1592000, 'Mô hình xe Lamborghini Huracan Performante Orange 1:24 Bburago', 'lamborghini_Huracan Performante_Orange.webp', 1, 'Tỉ lệ: 1:18  \r\nChất liệu: Khung xe đúc bằng kim loại, lốp xe bằng cao su, chi tiết xe được mô phỏng tinh xảo và sắc nét, một số chi tiết được mạ chrome. Sản phẩm cao cấp bên trong được lót thảm.\r\nSơn: Lớp sơn tĩnh điện cho độ bền và bóng hoàn hảo.\r\nChức năng: Xe mở được 4 cửa, capo trước và cốp sau. Bánh xe đánh lái được.\r\nKích thước: dài 30cm, ngang 12cm, cao 8.5cm\r\nTrọng Lượng: (đang cập nhật)\r\nHãng sản xuất: Norev\r\n', 17, '2023-08-04 08:20:38', NULL),
(8, 5, 1142000, 'Mô hình xe McLaren GT 1:24 Welly - 24105', 'mcLaren_GT_124_Welly.webp', 0, 'Tỉ lệ: 1:18  \r\nChất liệu: Khung xe đúc bằng kim loại, lốp xe bằng cao su, chi tiết xe được mô phỏng tinh xảo và sắc nét, một số chi tiết được mạ chrome. Sản phẩm cao cấp bên trong được lót thảm.\r\nSơn: Lớp sơn tĩnh điện cho độ bền và bóng hoàn hảo.\r\nChức năng: Xe mở được 4 cửa, capo trước và cốp sau. Bánh xe đánh lái được.\r\nKích thước: dài 30cm, ngang 12cm, cao 8.5cm\r\nTrọng Lượng: (đang cập nhật)\r\nHãng sản xuất: Norev\r\n', 2, '2023-08-04 08:20:38', NULL),
(9, 4, 677000, 'Mô hình xe Ferrari Monza SP1 1:24 Bburago 18-26027', 'ferrari_488_GTB.webp', 1, 'Tỉ lệ: 1:18  \r\nChất liệu: Khung xe đúc bằng kim loại, lốp xe bằng cao su, chi tiết xe được mô phỏng tinh xảo và sắc nét, một số chi tiết được mạ chrome. Sản phẩm cao cấp bên trong được lót thảm.\r\nSơn: Lớp sơn tĩnh điện cho độ bền và bóng hoàn hảo.\r\nChức năng: Xe mở được 4 cửa, capo trước và cốp sau. Bánh xe đánh lái được.\r\nKích thước: dài 30cm, ngang 12cm, cao 8.5cm\r\nTrọng Lượng: (đang cập nhật)\r\nHãng sản xuất: Norev\r\n', 8, '2023-08-04 08:20:38', NULL),
(10, 1, 1930000, 'Mô hình xe BMW M8 1:32 Chimei', 'bmw-m4-gt3.webp', 0, 'Tỉ lệ: 1:18  \r\nChất liệu: Khung xe đúc bằng kim loại, lốp xe bằng cao su, chi tiết xe được mô phỏng tinh xảo và sắc nét, một số chi tiết được mạ chrome. Sản phẩm cao cấp bên trong được lót thảm.\r\nSơn: Lớp sơn tĩnh điện cho độ bền và bóng hoàn hảo.\r\nChức năng: Xe mở được 4 cửa, capo trước và cốp sau. Bánh xe đánh lái được.\r\nKích thước: dài 30cm, ngang 12cm, cao 8.5cm\r\nTrọng Lượng: (đang cập nhật)\r\nHãng sản xuất: Norev\r\n', 9, '2023-08-04 08:20:38', NULL),
(11, 3, 1947000, 'Mô hình xe Lamborghini Aventador LP750-4 SV 1:36 UNI', 'lamborghini_Sian FKP_37.webp', 0, 'Tỉ lệ: 1:18  \r\nChất liệu: Khung xe đúc bằng kim loại, lốp xe bằng cao su, chi tiết xe được mô phỏng tinh xảo và sắc nét, một số chi tiết được mạ chrome. Sản phẩm cao cấp bên trong được lót thảm.\r\nSơn: Lớp sơn tĩnh điện cho độ bền và bóng hoàn hảo.\r\nChức năng: Xe mở được 4 cửa, capo trước và cốp sau. Bánh xe đánh lái được.\r\nKích thước: dài 30cm, ngang 12cm, cao 8.5cm\r\nTrọng Lượng: (đang cập nhật)\r\nHãng sản xuất: Norev\r\n', 18, '2023-08-04 08:20:38', NULL),
(12, 5, 843000, 'Mô hình xe Mclaren Senna 1:64 MiniGT', 'mcLaren_720S.webp', 0, 'Tỉ lệ: 1:18  \r\nChất liệu: Khung xe đúc bằng kim loại, lốp xe bằng cao su, chi tiết xe được mô phỏng tinh xảo và sắc nét, một số chi tiết được mạ chrome. Sản phẩm cao cấp bên trong được lót thảm.\r\nSơn: Lớp sơn tĩnh điện cho độ bền và bóng hoàn hảo.\r\nChức năng: Xe mở được 4 cửa, capo trước và cốp sau. Bánh xe đánh lái được.\r\nKích thước: dài 30cm, ngang 12cm, cao 8.5cm\r\nTrọng Lượng: (đang cập nhật)\r\nHãng sản xuất: Norev\r\n', 15, '2023-08-04 08:20:38', NULL),
(13, 4, 2068000, 'Mô hình xe Ferrari LaFerrari Aperta 1:24 Bburago', 'ferrari_599_gto.webp', 1, 'Tỉ lệ: 1:18  \r\nChất liệu: Khung xe đúc bằng kim loại, lốp xe bằng cao su, chi tiết xe được mô phỏng tinh xảo và sắc nét, một số chi tiết được mạ chrome. Sản phẩm cao cấp bên trong được lót thảm.\r\nSơn: Lớp sơn tĩnh điện cho độ bền và bóng hoàn hảo.\r\nChức năng: Xe mở được 4 cửa, capo trước và cốp sau. Bánh xe đánh lái được.\r\nKích thước: dài 30cm, ngang 12cm, cao 8.5cm\r\nTrọng Lượng: (đang cập nhật)\r\nHãng sản xuất: Norev\r\n', 17, '2023-08-04 08:20:38', NULL),
(14, 3, 2101000, 'Mô hình xe Lamborghini Aventador LP750-4 SV 1:36 UNI', 'lamborghini_Huracan Performante_Orange.webp', 1, 'Tỉ lệ: 1:18  \r\nChất liệu: Khung xe đúc bằng kim loại, lốp xe bằng cao su, chi tiết xe được mô phỏng tinh xảo và sắc nét, một số chi tiết được mạ chrome. Sản phẩm cao cấp bên trong được lót thảm.\r\nSơn: Lớp sơn tĩnh điện cho độ bền và bóng hoàn hảo.\r\nChức năng: Xe mở được 4 cửa, capo trước và cốp sau. Bánh xe đánh lái được.\r\nKích thước: dài 30cm, ngang 12cm, cao 8.5cm\r\nTrọng Lượng: (đang cập nhật)\r\nHãng sản xuất: Norev\r\n', 14, '2023-08-04 08:20:38', NULL),
(15, 4, 1212000, 'Mô hình xe Ferrari 599 GTO 1:24 Bburago', 'ferrari_FXXK_EVO.webp', 1, 'Tỉ lệ: 1:18  \r\nChất liệu: Khung xe đúc bằng kim loại, lốp xe bằng cao su, chi tiết xe được mô phỏng tinh xảo và sắc nét, một số chi tiết được mạ chrome. Sản phẩm cao cấp bên trong được lót thảm.\r\nSơn: Lớp sơn tĩnh điện cho độ bền và bóng hoàn hảo.\r\nChức năng: Xe mở được 4 cửa, capo trước và cốp sau. Bánh xe đánh lái được.\r\nKích thước: dài 30cm, ngang 12cm, cao 8.5cm\r\nTrọng Lượng: (đang cập nhật)\r\nHãng sản xuất: Norev\r\n', 16, '2023-08-04 08:20:38', NULL),
(16, 1, 2204000, 'Mô hình xe BMW M6 GT3 1:24 Caipo', 'bmw-m6-gt3.webp', 1, 'Tỉ lệ: 1:18  \r\nChất liệu: Khung xe đúc bằng kim loại, lốp xe bằng cao su, chi tiết xe được mô phỏng tinh xảo và sắc nét, một số chi tiết được mạ chrome. Sản phẩm cao cấp bên trong được lót thảm.\r\nSơn: Lớp sơn tĩnh điện cho độ bền và bóng hoàn hảo.\r\nChức năng: Xe mở được 4 cửa, capo trước và cốp sau. Bánh xe đánh lái được.\r\nKích thước: dài 30cm, ngang 12cm, cao 8.5cm\r\nTrọng Lượng: (đang cập nhật)\r\nHãng sản xuất: Norev\r\n', 14, '2023-08-04 08:20:38', NULL),
(17, 1, 942000, 'Mô hình xe BMW M3 E30 1988 1:24 Bburago', 'bmw-m6-gt3.webp', 0, 'Tỉ lệ: 1:18  \r\nChất liệu: Khung xe đúc bằng kim loại, lốp xe bằng cao su, chi tiết xe được mô phỏng tinh xảo và sắc nét, một số chi tiết được mạ chrome. Sản phẩm cao cấp bên trong được lót thảm.\r\nSơn: Lớp sơn tĩnh điện cho độ bền và bóng hoàn hảo.\r\nChức năng: Xe mở được 4 cửa, capo trước và cốp sau. Bánh xe đánh lái được.\r\nKích thước: dài 30cm, ngang 12cm, cao 8.5cm\r\nTrọng Lượng: (đang cập nhật)\r\nHãng sản xuất: Norev\r\n', 1, '2023-08-04 08:20:38', NULL),
(18, 4, 2809000, 'Mô hình xe Ferrari 488 GTB 1:24 Bburago', 'ferrari_FXXK_EVO.webp', 0, 'Tỉ lệ: 1:18  \r\nChất liệu: Khung xe đúc bằng kim loại, lốp xe bằng cao su, chi tiết xe được mô phỏng tinh xảo và sắc nét, một số chi tiết được mạ chrome. Sản phẩm cao cấp bên trong được lót thảm.\r\nSơn: Lớp sơn tĩnh điện cho độ bền và bóng hoàn hảo.\r\nChức năng: Xe mở được 4 cửa, capo trước và cốp sau. Bánh xe đánh lái được.\r\nKích thước: dài 30cm, ngang 12cm, cao 8.5cm\r\nTrọng Lượng: (đang cập nhật)\r\nHãng sản xuất: Norev\r\n', 4, '2023-08-04 08:20:38', NULL),
(19, 4, 1168000, 'Mô hình xe Ferrari LaFerrari Aperta 1:24 Bburago', 'ferrari_LaFerrari_Aperta.webp', 0, 'Tỉ lệ: 1:18  \r\nChất liệu: Khung xe đúc bằng kim loại, lốp xe bằng cao su, chi tiết xe được mô phỏng tinh xảo và sắc nét, một số chi tiết được mạ chrome. Sản phẩm cao cấp bên trong được lót thảm.\r\nSơn: Lớp sơn tĩnh điện cho độ bền và bóng hoàn hảo.\r\nChức năng: Xe mở được 4 cửa, capo trước và cốp sau. Bánh xe đánh lái được.\r\nKích thước: dài 30cm, ngang 12cm, cao 8.5cm\r\nTrọng Lượng: (đang cập nhật)\r\nHãng sản xuất: Norev\r\n', 5, '2023-08-04 08:20:38', NULL),
(20, 2, 2454000, 'Mô hình xe Mercedes Brabus G800 2020 1:18 Almost Real', 'mercedes-brabus-g800-2020.webp', 1, 'Tỉ lệ: 1:18  \r\nChất liệu: Khung xe đúc bằng kim loại, lốp xe bằng cao su, chi tiết xe được mô phỏng tinh xảo và sắc nét, một số chi tiết được mạ chrome. Sản phẩm cao cấp bên trong được lót thảm.\r\nSơn: Lớp sơn tĩnh điện cho độ bền và bóng hoàn hảo.\r\nChức năng: Xe mở được 4 cửa, capo trước và cốp sau. Bánh xe đánh lái được.\r\nKích thước: dài 30cm, ngang 12cm, cao 8.5cm\r\nTrọng Lượng: (đang cập nhật)\r\nHãng sản xuất: Norev\r\n', 7, '2023-08-04 08:20:38', NULL),
(21, 3, 2011000, 'Mô hình xe Lamborghini Huracan Performante Orange 1:24 Bburago', 'lamborghini_Huracan Performante_Orange.webp', 1, 'Tỉ lệ: 1:18  \r\nChất liệu: Khung xe đúc bằng kim loại, lốp xe bằng cao su, chi tiết xe được mô phỏng tinh xảo và sắc nét, một số chi tiết được mạ chrome. Sản phẩm cao cấp bên trong được lót thảm.\r\nSơn: Lớp sơn tĩnh điện cho độ bền và bóng hoàn hảo.\r\nChức năng: Xe mở được 4 cửa, capo trước và cốp sau. Bánh xe đánh lái được.\r\nKích thước: dài 30cm, ngang 12cm, cao 8.5cm\r\nTrọng Lượng: (đang cập nhật)\r\nHãng sản xuất: Norev\r\n', 3, '2023-08-04 08:20:38', NULL),
(22, 3, 1714000, 'Mô hình xe Lamborghini Aventador LP750-4 SV 1:36 UNI', 'lamborghini_Aventador_SVJ.webp', 0, 'Tỉ lệ: 1:18  \r\nChất liệu: Khung xe đúc bằng kim loại, lốp xe bằng cao su, chi tiết xe được mô phỏng tinh xảo và sắc nét, một số chi tiết được mạ chrome. Sản phẩm cao cấp bên trong được lót thảm.\r\nSơn: Lớp sơn tĩnh điện cho độ bền và bóng hoàn hảo.\r\nChức năng: Xe mở được 4 cửa, capo trước và cốp sau. Bánh xe đánh lái được.\r\nKích thước: dài 30cm, ngang 12cm, cao 8.5cm\r\nTrọng Lượng: (đang cập nhật)\r\nHãng sản xuất: Norev\r\n', 12, '2023-08-04 08:20:38', NULL),
(23, 5, 1997000, 'Mô hình xe McLaren GT 1:24 Welly - 24105', 'mcLaren_720S.webp', 1, 'Tỉ lệ: 1:18  \r\nChất liệu: Khung xe đúc bằng kim loại, lốp xe bằng cao su, chi tiết xe được mô phỏng tinh xảo và sắc nét, một số chi tiết được mạ chrome. Sản phẩm cao cấp bên trong được lót thảm.\r\nSơn: Lớp sơn tĩnh điện cho độ bền và bóng hoàn hảo.\r\nChức năng: Xe mở được 4 cửa, capo trước và cốp sau. Bánh xe đánh lái được.\r\nKích thước: dài 30cm, ngang 12cm, cao 8.5cm\r\nTrọng Lượng: (đang cập nhật)\r\nHãng sản xuất: Norev\r\n', 0, '2023-08-04 08:20:38', NULL),
(24, 2, 1556000, 'Mô hình xe Mercedes Benz 190SL 1955 Red 1:18 Maisto', 'mercedes_Maybach_S650_2019.webp', 1, 'Tỉ lệ: 1:18  \r\nChất liệu: Khung xe đúc bằng kim loại, lốp xe bằng cao su, chi tiết xe được mô phỏng tinh xảo và sắc nét, một số chi tiết được mạ chrome. Sản phẩm cao cấp bên trong được lót thảm.\r\nSơn: Lớp sơn tĩnh điện cho độ bền và bóng hoàn hảo.\r\nChức năng: Xe mở được 4 cửa, capo trước và cốp sau. Bánh xe đánh lái được.\r\nKích thước: dài 30cm, ngang 12cm, cao 8.5cm\r\nTrọng Lượng: (đang cập nhật)\r\nHãng sản xuất: Norev\r\n', 12, '2023-08-04 08:20:38', NULL),
(25, 2, 539000, 'Mô hình xe Mercedes Maybach S680 W223 2021 1:18 Norev', 'mercedes_190SL.webp', 1, 'Tỉ lệ: 1:18  \r\nChất liệu: Khung xe đúc bằng kim loại, lốp xe bằng cao su, chi tiết xe được mô phỏng tinh xảo và sắc nét, một số chi tiết được mạ chrome. Sản phẩm cao cấp bên trong được lót thảm.\r\nSơn: Lớp sơn tĩnh điện cho độ bền và bóng hoàn hảo.\r\nChức năng: Xe mở được 4 cửa, capo trước và cốp sau. Bánh xe đánh lái được.\r\nKích thước: dài 30cm, ngang 12cm, cao 8.5cm\r\nTrọng Lượng: (đang cập nhật)\r\nHãng sản xuất: Norev\r\n', 17, '2023-08-04 08:20:38', NULL),
(26, 2, 802000, 'Mô hình xe Mercedes Benz Maybach S650 2019 1:18 Almost Real', 'mercedes_190SL.webp', 0, 'Tỉ lệ: 1:18  \r\nChất liệu: Khung xe đúc bằng kim loại, lốp xe bằng cao su, chi tiết xe được mô phỏng tinh xảo và sắc nét, một số chi tiết được mạ chrome. Sản phẩm cao cấp bên trong được lót thảm.\r\nSơn: Lớp sơn tĩnh điện cho độ bền và bóng hoàn hảo.\r\nChức năng: Xe mở được 4 cửa, capo trước và cốp sau. Bánh xe đánh lái được.\r\nKích thước: dài 30cm, ngang 12cm, cao 8.5cm\r\nTrọng Lượng: (đang cập nhật)\r\nHãng sản xuất: Norev\r\n', 0, '2023-08-04 08:20:38', NULL),
(27, 1, 1106000, 'Mô hình xe BMW M8 1:32 Chimei', 'bmw-m4-gt3.webp', 1, 'Tỉ lệ: 1:18  \r\nChất liệu: Khung xe đúc bằng kim loại, lốp xe bằng cao su, chi tiết xe được mô phỏng tinh xảo và sắc nét, một số chi tiết được mạ chrome. Sản phẩm cao cấp bên trong được lót thảm.\r\nSơn: Lớp sơn tĩnh điện cho độ bền và bóng hoàn hảo.\r\nChức năng: Xe mở được 4 cửa, capo trước và cốp sau. Bánh xe đánh lái được.\r\nKích thước: dài 30cm, ngang 12cm, cao 8.5cm\r\nTrọng Lượng: (đang cập nhật)\r\nHãng sản xuất: Norev\r\n', 17, '2023-08-04 08:20:38', NULL),
(28, 3, 729000, 'Mô hình xe Lamborghini Aventador LP750-4 SV 1:36 UNI', 'lamborghini_Aventador_SVJ.webp', 1, 'Tỉ lệ: 1:18  \r\nChất liệu: Khung xe đúc bằng kim loại, lốp xe bằng cao su, chi tiết xe được mô phỏng tinh xảo và sắc nét, một số chi tiết được mạ chrome. Sản phẩm cao cấp bên trong được lót thảm.\r\nSơn: Lớp sơn tĩnh điện cho độ bền và bóng hoàn hảo.\r\nChức năng: Xe mở được 4 cửa, capo trước và cốp sau. Bánh xe đánh lái được.\r\nKích thước: dài 30cm, ngang 12cm, cao 8.5cm\r\nTrọng Lượng: (đang cập nhật)\r\nHãng sản xuất: Norev\r\n', 13, '2023-08-04 08:20:38', NULL),
(29, 2, 1115000, 'Mô hình xe Mercedes Benz 190SL 1955 Red 1:18 Maisto', 'mercedes_Maybach_S680.webp', 0, 'Tỉ lệ: 1:18  \r\nChất liệu: Khung xe đúc bằng kim loại, lốp xe bằng cao su, chi tiết xe được mô phỏng tinh xảo và sắc nét, một số chi tiết được mạ chrome. Sản phẩm cao cấp bên trong được lót thảm.\r\nSơn: Lớp sơn tĩnh điện cho độ bền và bóng hoàn hảo.\r\nChức năng: Xe mở được 4 cửa, capo trước và cốp sau. Bánh xe đánh lái được.\r\nKích thước: dài 30cm, ngang 12cm, cao 8.5cm\r\nTrọng Lượng: (đang cập nhật)\r\nHãng sản xuất: Norev\r\n', 14, '2023-08-04 08:20:38', NULL),
(30, 3, 1184000, 'Mô hình xe Lamborghini Sian FKP 37 1:24 BBurago', 'lamborghini-aventador-lp750.webp', 0, 'Tỉ lệ: 1:18  \r\nChất liệu: Khung xe đúc bằng kim loại, lốp xe bằng cao su, chi tiết xe được mô phỏng tinh xảo và sắc nét, một số chi tiết được mạ chrome. Sản phẩm cao cấp bên trong được lót thảm.\r\nSơn: Lớp sơn tĩnh điện cho độ bền và bóng hoàn hảo.\r\nChức năng: Xe mở được 4 cửa, capo trước và cốp sau. Bánh xe đánh lái được.\r\nKích thước: dài 30cm, ngang 12cm, cao 8.5cm\r\nTrọng Lượng: (đang cập nhật)\r\nHãng sản xuất: Norev\r\n', 20, '2023-08-04 08:20:38', NULL),
(31, 1, 1436000, 'Mô hình xe BMW I8 1:18 Paragon', 'bmw-m4-gt3.webp', 1, 'Tỉ lệ: 1:18  \r\nChất liệu: Khung xe đúc bằng kim loại, lốp xe bằng cao su, chi tiết xe được mô phỏng tinh xảo và sắc nét, một số chi tiết được mạ chrome. Sản phẩm cao cấp bên trong được lót thảm.\r\nSơn: Lớp sơn tĩnh điện cho độ bền và bóng hoàn hảo.\r\nChức năng: Xe mở được 4 cửa, capo trước và cốp sau. Bánh xe đánh lái được.\r\nKích thước: dài 30cm, ngang 12cm, cao 8.5cm\r\nTrọng Lượng: (đang cập nhật)\r\nHãng sản xuất: Norev\r\n', 9, '2023-08-04 08:20:38', NULL),
(32, 2, 2560000, 'Mô hình xe Mercedes Benz 190SL 1955 Red 1:18 Maisto', 'mercedes_Maybach_S650_2019.webp', 0, 'Tỉ lệ: 1:18  \r\nChất liệu: Khung xe đúc bằng kim loại, lốp xe bằng cao su, chi tiết xe được mô phỏng tinh xảo và sắc nét, một số chi tiết được mạ chrome. Sản phẩm cao cấp bên trong được lót thảm.\r\nSơn: Lớp sơn tĩnh điện cho độ bền và bóng hoàn hảo.\r\nChức năng: Xe mở được 4 cửa, capo trước và cốp sau. Bánh xe đánh lái được.\r\nKích thước: dài 30cm, ngang 12cm, cao 8.5cm\r\nTrọng Lượng: (đang cập nhật)\r\nHãng sản xuất: Norev\r\n', 20, '2023-08-04 08:20:38', NULL),
(33, 5, 138000, 'Mô hình xe Mclaren Senna 1:64 MiniGT', 'mcLaren_GT_124_Welly.webp', 1, 'Tỉ lệ: 1:18  \r\nChất liệu: Khung xe đúc bằng kim loại, lốp xe bằng cao su, chi tiết xe được mô phỏng tinh xảo và sắc nét, một số chi tiết được mạ chrome. Sản phẩm cao cấp bên trong được lót thảm.\r\nSơn: Lớp sơn tĩnh điện cho độ bền và bóng hoàn hảo.\r\nChức năng: Xe mở được 4 cửa, capo trước và cốp sau. Bánh xe đánh lái được.\r\nKích thước: dài 30cm, ngang 12cm, cao 8.5cm\r\nTrọng Lượng: (đang cập nhật)\r\nHãng sản xuất: Norev\r\n', 13, '2023-08-04 08:20:38', NULL),
(34, 2, 2456000, 'Mô hình xe Mercedes Maybach S680 W223 2021 1:18 Norev', 'mercedes-f1.webp', 0, 'Tỉ lệ: 1:18  \r\nChất liệu: Khung xe đúc bằng kim loại, lốp xe bằng cao su, chi tiết xe được mô phỏng tinh xảo và sắc nét, một số chi tiết được mạ chrome. Sản phẩm cao cấp bên trong được lót thảm.\r\nSơn: Lớp sơn tĩnh điện cho độ bền và bóng hoàn hảo.\r\nChức năng: Xe mở được 4 cửa, capo trước và cốp sau. Bánh xe đánh lái được.\r\nKích thước: dài 30cm, ngang 12cm, cao 8.5cm\r\nTrọng Lượng: (đang cập nhật)\r\nHãng sản xuất: Norev\r\n', 4, '2023-08-04 08:20:38', NULL),
(35, 4, 2315000, 'Mô hình xe Ferrari FXXK EVO 1:18 Bburago Signature', 'ferrari_488_GTB.webp', 0, 'Tỉ lệ: 1:18  \r\nChất liệu: Khung xe đúc bằng kim loại, lốp xe bằng cao su, chi tiết xe được mô phỏng tinh xảo và sắc nét, một số chi tiết được mạ chrome. Sản phẩm cao cấp bên trong được lót thảm.\r\nSơn: Lớp sơn tĩnh điện cho độ bền và bóng hoàn hảo.\r\nChức năng: Xe mở được 4 cửa, capo trước và cốp sau. Bánh xe đánh lái được.\r\nKích thước: dài 30cm, ngang 12cm, cao 8.5cm\r\nTrọng Lượng: (đang cập nhật)\r\nHãng sản xuất: Norev\r\n', 12, '2023-08-04 08:20:38', NULL),
(36, 4, 792000, 'Mô hình xe Ferrari 599 GTO 1:24 Bburago', 'ferrari_FXXK_EVO.webp', 1, 'Tỉ lệ: 1:18  \r\nChất liệu: Khung xe đúc bằng kim loại, lốp xe bằng cao su, chi tiết xe được mô phỏng tinh xảo và sắc nét, một số chi tiết được mạ chrome. Sản phẩm cao cấp bên trong được lót thảm.\r\nSơn: Lớp sơn tĩnh điện cho độ bền và bóng hoàn hảo.\r\nChức năng: Xe mở được 4 cửa, capo trước và cốp sau. Bánh xe đánh lái được.\r\nKích thước: dài 30cm, ngang 12cm, cao 8.5cm\r\nTrọng Lượng: (đang cập nhật)\r\nHãng sản xuất: Norev\r\n', 19, '2023-08-04 08:20:38', NULL),
(37, 2, 1402000, 'Mô hình xe Mercedes F1 2016 W007 Hybrid 1:18 Bburago', 'mercedes-brabus-g800-2020.webp', 0, 'Tỉ lệ: 1:18  \r\nChất liệu: Khung xe đúc bằng kim loại, lốp xe bằng cao su, chi tiết xe được mô phỏng tinh xảo và sắc nét, một số chi tiết được mạ chrome. Sản phẩm cao cấp bên trong được lót thảm.\r\nSơn: Lớp sơn tĩnh điện cho độ bền và bóng hoàn hảo.\r\nChức năng: Xe mở được 4 cửa, capo trước và cốp sau. Bánh xe đánh lái được.\r\nKích thước: dài 30cm, ngang 12cm, cao 8.5cm\r\nTrọng Lượng: (đang cập nhật)\r\nHãng sản xuất: Norev\r\n', 0, '2023-08-04 08:20:38', NULL),
(38, 3, 2257000, 'Mô hình xe Lamborghini Urus 1:24 Maisto', 'lamborghini_Sian FKP_37.webp', 1, 'Tỉ lệ: 1:18  \r\nChất liệu: Khung xe đúc bằng kim loại, lốp xe bằng cao su, chi tiết xe được mô phỏng tinh xảo và sắc nét, một số chi tiết được mạ chrome. Sản phẩm cao cấp bên trong được lót thảm.\r\nSơn: Lớp sơn tĩnh điện cho độ bền và bóng hoàn hảo.\r\nChức năng: Xe mở được 4 cửa, capo trước và cốp sau. Bánh xe đánh lái được.\r\nKích thước: dài 30cm, ngang 12cm, cao 8.5cm\r\nTrọng Lượng: (đang cập nhật)\r\nHãng sản xuất: Norev\r\n', 16, '2023-08-04 08:20:38', NULL),
(39, 1, 2411000, 'Mô hình xe BMW I8 1:18 Paragon', 'bmw-i8.webp', 0, 'Tỉ lệ: 1:18  \r\nChất liệu: Khung xe đúc bằng kim loại, lốp xe bằng cao su, chi tiết xe được mô phỏng tinh xảo và sắc nét, một số chi tiết được mạ chrome. Sản phẩm cao cấp bên trong được lót thảm.\r\nSơn: Lớp sơn tĩnh điện cho độ bền và bóng hoàn hảo.\r\nChức năng: Xe mở được 4 cửa, capo trước và cốp sau. Bánh xe đánh lái được.\r\nKích thước: dài 30cm, ngang 12cm, cao 8.5cm\r\nTrọng Lượng: (đang cập nhật)\r\nHãng sản xuất: Norev\r\n', 2, '2023-08-04 08:20:38', NULL),
(40, 4, 1052000, 'Mô hình xe Ferrari 488 GTB 1:24 Bburago', 'ferrari_LaFerrari_Aperta.webp', 1, 'Tỉ lệ: 1:18  \r\nChất liệu: Khung xe đúc bằng kim loại, lốp xe bằng cao su, chi tiết xe được mô phỏng tinh xảo và sắc nét, một số chi tiết được mạ chrome. Sản phẩm cao cấp bên trong được lót thảm.\r\nSơn: Lớp sơn tĩnh điện cho độ bền và bóng hoàn hảo.\r\nChức năng: Xe mở được 4 cửa, capo trước và cốp sau. Bánh xe đánh lái được.\r\nKích thước: dài 30cm, ngang 12cm, cao 8.5cm\r\nTrọng Lượng: (đang cập nhật)\r\nHãng sản xuất: Norev\r\n', 14, '2023-08-04 08:20:38', NULL),
(41, 2, 2129000, 'Mô hình xe Mercedes Benz 190SL 1955 Red 1:18 Maisto', 'mercedes_Maybach_S680.webp', 0, 'Tỉ lệ: 1:18  \r\nChất liệu: Khung xe đúc bằng kim loại, lốp xe bằng cao su, chi tiết xe được mô phỏng tinh xảo và sắc nét, một số chi tiết được mạ chrome. Sản phẩm cao cấp bên trong được lót thảm.\r\nSơn: Lớp sơn tĩnh điện cho độ bền và bóng hoàn hảo.\r\nChức năng: Xe mở được 4 cửa, capo trước và cốp sau. Bánh xe đánh lái được.\r\nKích thước: dài 30cm, ngang 12cm, cao 8.5cm\r\nTrọng Lượng: (đang cập nhật)\r\nHãng sản xuất: Norev\r\n', 11, '2023-08-04 08:20:38', NULL),
(42, 1, 2442000, 'Mô hình xe BMW M6 GT3 1:24 Caipo', 'bmw-m8-132-chimei-light.webp', 1, 'Tỉ lệ: 1:18  \r\nChất liệu: Khung xe đúc bằng kim loại, lốp xe bằng cao su, chi tiết xe được mô phỏng tinh xảo và sắc nét, một số chi tiết được mạ chrome. Sản phẩm cao cấp bên trong được lót thảm.\r\nSơn: Lớp sơn tĩnh điện cho độ bền và bóng hoàn hảo.\r\nChức năng: Xe mở được 4 cửa, capo trước và cốp sau. Bánh xe đánh lái được.\r\nKích thước: dài 30cm, ngang 12cm, cao 8.5cm\r\nTrọng Lượng: (đang cập nhật)\r\nHãng sản xuất: Norev\r\n', 7, '2023-08-04 08:20:38', NULL),
(43, 1, 2496000, 'Mô hình xe BMW I8 1:18 Paragon', 'bmw-m8-132-chimei-light.webp', 0, 'Tỉ lệ: 1:18  \r\nChất liệu: Khung xe đúc bằng kim loại, lốp xe bằng cao su, chi tiết xe được mô phỏng tinh xảo và sắc nét, một số chi tiết được mạ chrome. Sản phẩm cao cấp bên trong được lót thảm.\r\nSơn: Lớp sơn tĩnh điện cho độ bền và bóng hoàn hảo.\r\nChức năng: Xe mở được 4 cửa, capo trước và cốp sau. Bánh xe đánh lái được.\r\nKích thước: dài 30cm, ngang 12cm, cao 8.5cm\r\nTrọng Lượng: (đang cập nhật)\r\nHãng sản xuất: Norev\r\n', 12, '2023-08-04 08:20:38', NULL),
(44, 2, 2333000, 'Mô hình xe Mercedes Benz Maybach S650 2019 1:18 Almost Real', 'mercedes_Maybach_S650_2019.webp', 1, 'Tỉ lệ: 1:18  \r\nChất liệu: Khung xe đúc bằng kim loại, lốp xe bằng cao su, chi tiết xe được mô phỏng tinh xảo và sắc nét, một số chi tiết được mạ chrome. Sản phẩm cao cấp bên trong được lót thảm.\r\nSơn: Lớp sơn tĩnh điện cho độ bền và bóng hoàn hảo.\r\nChức năng: Xe mở được 4 cửa, capo trước và cốp sau. Bánh xe đánh lái được.\r\nKích thước: dài 30cm, ngang 12cm, cao 8.5cm\r\nTrọng Lượng: (đang cập nhật)\r\nHãng sản xuất: Norev\r\n', 2, '2023-08-04 08:20:38', NULL),
(45, 5, 515000, 'Mô hình xe McLaren GT 1:24 Welly - 24105', 'mcLaren_765LT.webp', 0, 'Tỉ lệ: 1:18  \r\nChất liệu: Khung xe đúc bằng kim loại, lốp xe bằng cao su, chi tiết xe được mô phỏng tinh xảo và sắc nét, một số chi tiết được mạ chrome. Sản phẩm cao cấp bên trong được lót thảm.\r\nSơn: Lớp sơn tĩnh điện cho độ bền và bóng hoàn hảo.\r\nChức năng: Xe mở được 4 cửa, capo trước và cốp sau. Bánh xe đánh lái được.\r\nKích thước: dài 30cm, ngang 12cm, cao 8.5cm\r\nTrọng Lượng: (đang cập nhật)\r\nHãng sản xuất: Norev\r\n', 15, '2023-08-04 08:20:38', NULL),
(46, 5, 1979000, 'Mô hình xe McLaren F1 1:64 LCD', 'mcLaren_720S.webp', 0, 'Tỉ lệ: 1:18  \r\nChất liệu: Khung xe đúc bằng kim loại, lốp xe bằng cao su, chi tiết xe được mô phỏng tinh xảo và sắc nét, một số chi tiết được mạ chrome. Sản phẩm cao cấp bên trong được lót thảm.\r\nSơn: Lớp sơn tĩnh điện cho độ bền và bóng hoàn hảo.\r\nChức năng: Xe mở được 4 cửa, capo trước và cốp sau. Bánh xe đánh lái được.\r\nKích thước: dài 30cm, ngang 12cm, cao 8.5cm\r\nTrọng Lượng: (đang cập nhật)\r\nHãng sản xuất: Norev\r\n', 10, '2023-08-04 08:20:38', NULL),
(47, 1, 1500000, 'Mô hình xe BMW M6 GT3 1:24 Caipo', 'bmw-m4-gt3.webp', 0, 'Tỉ lệ: 1:18  \r\nChất liệu: Khung xe đúc bằng kim loại, lốp xe bằng cao su, chi tiết xe được mô phỏng tinh xảo và sắc nét, một số chi tiết được mạ chrome. Sản phẩm cao cấp bên trong được lót thảm.\r\nSơn: Lớp sơn tĩnh điện cho độ bền và bóng hoàn hảo.\r\nChức năng: Xe mở được 4 cửa, capo trước và cốp sau. Bánh xe đánh lái được.\r\nKích thước: dài 30cm, ngang 12cm, cao 8.5cm\r\nTrọng Lượng: (đang cập nhật)\r\nHãng sản xuất: Norev\r\n', 17, '2023-08-04 08:20:38', NULL),
(48, 1, 2984000, 'Mô hình xe BMW M8 1:32 Chimei', 'bmw-m3.webp', 1, 'Tỉ lệ: 1:18  \r\nChất liệu: Khung xe đúc bằng kim loại, lốp xe bằng cao su, chi tiết xe được mô phỏng tinh xảo và sắc nét, một số chi tiết được mạ chrome. Sản phẩm cao cấp bên trong được lót thảm.\r\nSơn: Lớp sơn tĩnh điện cho độ bền và bóng hoàn hảo.\r\nChức năng: Xe mở được 4 cửa, capo trước và cốp sau. Bánh xe đánh lái được.\r\nKích thước: dài 30cm, ngang 12cm, cao 8.5cm\r\nTrọng Lượng: (đang cập nhật)\r\nHãng sản xuất: Norev\r\n', 17, '2023-08-04 08:20:38', NULL),
(49, 3, 2421000, 'Mô hình xe Lamborghini Huracan Performante Orange 1:24 Bburago', 'lamborghini_Huracan Performante_Orange.webp', 1, 'Tỉ lệ: 1:18  \r\nChất liệu: Khung xe đúc bằng kim loại, lốp xe bằng cao su, chi tiết xe được mô phỏng tinh xảo và sắc nét, một số chi tiết được mạ chrome. Sản phẩm cao cấp bên trong được lót thảm.\r\nSơn: Lớp sơn tĩnh điện cho độ bền và bóng hoàn hảo.\r\nChức năng: Xe mở được 4 cửa, capo trước và cốp sau. Bánh xe đánh lái được.\r\nKích thước: dài 30cm, ngang 12cm, cao 8.5cm\r\nTrọng Lượng: (đang cập nhật)\r\nHãng sản xuất: Norev\r\n', 3, '2023-08-04 08:20:38', NULL),
(50, 1, 1803000, 'Mô hình xe BMW M4 GT3 BMW Team RLL 2022 IMSA Daytona 24 Hrs 1:64 MiniGT', 'bmw-m4-gt3.webp', 1, 'Tỉ lệ: 1:18  \r\nChất liệu: Khung xe đúc bằng kim loại, lốp xe bằng cao su, chi tiết xe được mô phỏng tinh xảo và sắc nét, một số chi tiết được mạ chrome. Sản phẩm cao cấp bên trong được lót thảm.\r\nSơn: Lớp sơn tĩnh điện cho độ bền và bóng hoàn hảo.\r\nChức năng: Xe mở được 4 cửa, capo trước và cốp sau. Bánh xe đánh lái được.\r\nKích thước: dài 30cm, ngang 12cm, cao 8.5cm\r\nTrọng Lượng: (đang cập nhật)\r\nHãng sản xuất: Norev\r\n', 20, '2023-08-04 08:20:38', NULL);

-- --------------------------------------------------------

--
-- Cấu trúc bảng cho bảng `db_rate`
--

CREATE TABLE `db_rate` (
  `id_rate` int(11) NOT NULL,
  `id_user` varchar(250) NOT NULL,
  `id_product` int(11) NOT NULL,
  `vote` tinyint(1) NOT NULL DEFAULT 5,
  `created_at` timestamp NOT NULL DEFAULT current_timestamp(),
  `updated_at` timestamp NULL DEFAULT NULL ON UPDATE current_timestamp()
) ENGINE=InnoDB DEFAULT CHARSET=utf8mb4 COLLATE=utf8mb4_unicode_ci;

--
-- Đang đổ dữ liệu cho bảng `db_rate`
--

INSERT INTO `db_rate` (`id_rate`, `id_user`, `id_product`, `vote`, `created_at`, `updated_at`) VALUES
(1, 'admin3', 9, 1, '2023-08-04 08:23:30', NULL),
(2, 'client6', 28, 5, '2023-08-04 08:23:30', NULL),
(3, 'admin10', 12, 2, '2023-08-04 08:23:30', NULL),
(4, 'admin3', 33, 1, '2023-08-04 08:23:30', NULL),
(5, 'admin5', 31, 1, '2023-08-04 08:23:31', NULL),
(6, 'admin10', 43, 1, '2023-08-04 08:23:31', NULL),
(7, 'admin3', 47, 4, '2023-08-04 08:23:31', NULL),
(8, 'client4', 17, 2, '2023-08-04 08:23:31', NULL),
(9, 'client4', 30, 4, '2023-08-04 08:23:31', NULL),
(10, 'admin8', 5, 4, '2023-08-04 08:23:31', NULL),
(11, 'admin5', 47, 3, '2023-08-04 08:23:31', NULL),
(12, 'client1', 31, 3, '2023-08-04 08:23:31', NULL),
(13, 'admin8', 24, 5, '2023-08-04 08:23:31', NULL),
(14, 'admin7', 24, 5, '2023-08-04 08:23:31', NULL),
(15, 'admin10', 34, 1, '2023-08-04 08:23:31', NULL),
(16, 'client4', 30, 4, '2023-08-04 08:23:31', NULL),
(17, 'admin10', 27, 5, '2023-08-04 08:23:31', NULL),
(18, 'admin5', 11, 3, '2023-08-04 08:23:32', NULL),
(19, 'admin9', 45, 2, '2023-08-04 08:23:32', NULL),
(20, 'client4', 41, 3, '2023-08-04 08:23:32', NULL),
(21, 'admin9', 12, 3, '2023-08-04 08:23:32', NULL),
(22, 'client6', 28, 2, '2023-08-04 08:23:32', NULL),
(23, 'admin5', 16, 5, '2023-08-04 08:23:32', NULL),
(24, 'admin10', 36, 1, '2023-08-04 08:23:32', NULL),
(25, 'admin9', 37, 3, '2023-08-04 08:23:32', NULL),
(26, 'admin10', 3, 5, '2023-08-04 08:23:33', NULL),
(27, 'admin8', 22, 4, '2023-08-04 08:23:33', NULL),
(28, 'admin9', 25, 3, '2023-08-04 08:23:33', NULL),
(29, 'client1', 42, 1, '2023-08-04 08:23:33', NULL),
(30, 'client2', 40, 1, '2023-08-04 08:23:33', NULL),
(31, 'admin9', 14, 2, '2023-08-04 08:23:33', NULL),
(32, 'admin8', 6, 2, '2023-08-04 08:23:33', NULL),
(33, 'client1', 49, 2, '2023-08-04 08:23:33', NULL),
(34, 'admin7', 27, 5, '2023-08-04 08:23:33', NULL),
(35, 'admin9', 19, 3, '2023-08-04 08:23:33', NULL),
(36, 'admin7', 11, 2, '2023-08-04 08:23:33', NULL),
(37, 'client1', 15, 4, '2023-08-04 08:23:34', NULL),
(38, 'client2', 16, 3, '2023-08-04 08:23:34', NULL),
(39, 'admin9', 45, 1, '2023-08-04 08:23:34', NULL),
(40, 'client4', 20, 4, '2023-08-04 08:23:34', NULL);

-- --------------------------------------------------------

--
-- Cấu trúc bảng cho bảng `db_type`
--

CREATE TABLE `db_type` (
  `id_type` int(11) NOT NULL,
  `name` varchar(250) NOT NULL,
  `image` varchar(250) NOT NULL,
  `description` varchar(2000) NOT NULL,
  `created_at` timestamp NOT NULL DEFAULT current_timestamp(),
  `updated_at` timestamp NULL DEFAULT NULL ON UPDATE current_timestamp()
) ENGINE=InnoDB DEFAULT CHARSET=utf8mb4 COLLATE=utf8mb4_unicode_ci;

--
-- Đang đổ dữ liệu cho bảng `db_type`
--

INSERT INTO `db_type` (`id_type`, `name`, `image`, `description`, `created_at`, `updated_at`) VALUES
(1, 'BMW', 'logo-bmw.webp', 'Tỉ lệ: 1:18  \r\nChất liệu: Khung xe đúc bằng kim loại, lốp xe bằng cao su, chi tiết xe được mô phỏng tinh xảo và sắc nét, một số chi tiết được mạ chrome. Sản phẩm cao cấp bên trong được lót thảm.\r\nSơn: Lớp sơn tĩnh điện cho độ bền và bóng hoàn hảo.\r\nChức năng: Xe mở được 4 cửa, capo trước và cốp sau. Bánh xe đánh lái được.\r\nKích thước: dài 30cm, ngang 12cm, cao 8.5cm\r\nTrọng Lượng: (đang cập nhật)\r\nHãng sản xuất: Norev\r\n', '2023-08-04 08:16:39', '2023-08-04 08:39:22'),
(2, 'Mercedes', 'logo-mercedes.webp', 'Tỉ lệ: 1:18  \r\nChất liệu: Khung xe đúc bằng kim loại, lốp xe bằng cao su, chi tiết xe được mô phỏng tinh xảo và sắc nét, một số chi tiết được mạ chrome. Sản phẩm cao cấp bên trong được lót thảm.\r\nSơn: Lớp sơn tĩnh điện cho độ bền và bóng hoàn hảo.\r\nChức năng: Xe mở được 4 cửa, capo trước và cốp sau. Bánh xe đánh lái được.\r\nKích thước: dài 30cm, ngang 12cm, cao 8.5cm\r\nTrọng Lượng: (đang cập nhật)\r\nHãng sản xuất: Norev\r\n', '2023-08-04 08:16:39', '2023-08-04 08:38:44'),
(3, 'Lamborghini', 'logo-lamborghini.webp', 'Tỉ lệ: 1:18  \r\nChất liệu: Khung xe đúc bằng kim loại, lốp xe bằng cao su, chi tiết xe được mô phỏng tinh xảo và sắc nét, một số chi tiết được mạ chrome. Sản phẩm cao cấp bên trong được lót thảm.\r\nSơn: Lớp sơn tĩnh điện cho độ bền và bóng hoàn hảo.\r\nChức năng: Xe mở được 4 cửa, capo trước và cốp sau. Bánh xe đánh lái được.\r\nKích thước: dài 30cm, ngang 12cm, cao 8.5cm\r\nTrọng Lượng: (đang cập nhật)\r\nHãng sản xuất: Norev\r\n', '2023-08-04 08:16:39', '2023-08-04 08:39:06'),
(4, 'Ferrari', 'logo-ferrari.webp', 'Tỉ lệ: 1:18  \r\nChất liệu: Khung xe đúc bằng kim loại, lốp xe bằng cao su, chi tiết xe được mô phỏng tinh xảo và sắc nét, một số chi tiết được mạ chrome. Sản phẩm cao cấp bên trong được lót thảm.\r\nSơn: Lớp sơn tĩnh điện cho độ bền và bóng hoàn hảo.\r\nChức năng: Xe mở được 4 cửa, capo trước và cốp sau. Bánh xe đánh lái được.\r\nKích thước: dài 30cm, ngang 12cm, cao 8.5cm\r\nTrọng Lượng: (đang cập nhật)\r\nHãng sản xuất: Norev\r\n', '2023-08-04 08:16:39', '2023-08-04 08:39:15'),
(5, 'McLaren', 'logo-mclaren.webp', 'Tỉ lệ: 1:18  \r\nChất liệu: Khung xe đúc bằng kim loại, lốp xe bằng cao su, chi tiết xe được mô phỏng tinh xảo và sắc nét, một số chi tiết được mạ chrome. Sản phẩm cao cấp bên trong được lót thảm.\r\nSơn: Lớp sơn tĩnh điện cho độ bền và bóng hoàn hảo.\r\nChức năng: Xe mở được 4 cửa, capo trước và cốp sau. Bánh xe đánh lái được.\r\nKích thước: dài 30cm, ngang 12cm, cao 8.5cm\r\nTrọng Lượng: (đang cập nhật)\r\nHãng sản xuất: Norev\r\n', '2023-08-04 08:16:39', '2023-08-04 08:38:51');

-- --------------------------------------------------------

--
-- Cấu trúc bảng cho bảng `db_user`
--

CREATE TABLE `db_user` (
  `id_user` varchar(250) NOT NULL,
  `pass` varchar(250) NOT NULL,
  `first_name` varchar(250) NOT NULL,
  `last_name` varchar(250) NOT NULL,
  `phone` varchar(20) NOT NULL,
  `email` varchar(250) NOT NULL,
  `full_address` varchar(1000) DEFAULT NULL,
  `image` varchar(100) DEFAULT 'new-account.jpg',
  `role` tinyint(1) NOT NULL DEFAULT 0 COMMENT '0 là khách hàng thường, 1 là quản trị viên',
  `created_at` timestamp NOT NULL DEFAULT current_timestamp(),
  `updated_at` timestamp NULL DEFAULT NULL ON UPDATE current_timestamp()
) ENGINE=InnoDB DEFAULT CHARSET=utf8mb4 COLLATE=utf8mb4_unicode_ci;

--
-- Đang đổ dữ liệu cho bảng `db_user`
--

INSERT INTO `db_user` (`id_user`, `pass`, `first_name`, `last_name`, `phone`, `email`, `full_address`, `image`, `role`, `created_at`, `updated_at`) VALUES
('admin10', '$2y$10$HPqnEDjPiKuvlr4rkDVEoOgCckoLsE6s7Yqn0iSA3ZsrthJYAeQSO', 'Ngọc Quý', 'Đào', '0109683805', 'hideonbush1@gmail.com', '25 Nguyễn Tất Thành, Phong Điền, Cần Thơ', 'user6.jpg', 0, '2023-08-04 08:13:41', NULL),
('admin3', '$2y$10$3H2PhbEtRGp.ok4vkfV.4e8PcJ/jw5QnyS/fQG.vhs6wNQ4JPB5IC', ' Huy', 'Lê', '0649886408', 'chimsedinang4@gmail.com', '12 Nguyễn Huệ, Tây Hồ, Hà Nội', 'user4.jpg', 0, '2023-08-04 08:13:40', NULL),
('admin5', '$2y$10$IcrTOJvttYby3UrOMfxxjetVbQ2jelqQqWtiPHcW9GQDX5tv/RoHG', 'Gia Vy', 'Nguyễn', '0722672162', 'fpoly20@gmail.com', '89 Trần Phú, Tây Hồ, Hà Nội', 'user3.jpg', 0, '2023-08-04 08:13:40', NULL),
('admin7', '$2y$10$VtiQMFvN8vwUbbaix.2OzehqTfMIvX2.9qGqprF9HwvXN8ndP3R2i', 'Nguyên Minh', 'Đào', '0176741154', 'hideonbush5@gmail.com', '93 Nguyễn Tất Thành, Cẩm Lệ, Đà Nẵng', 'user1.jpg', 1, '2023-08-04 08:13:40', NULL),
('admin8', '$2y$10$R6PgPuPZUnfKGVF94SGOau9tznH2gHe3DS2O6kjM6Dbs1a.0jFpnm', 'Nguyên Huy', 'Lê', '0721208248', 'hochiminh8@gmail.com', '69 Lenin, Hoàng Mai, Hà Nội', 'user2.jpg', 1, '2023-08-04 08:13:41', NULL),
('admin9', '$2y$10$4Zg2i0eACcU0HX8OcoNMieHEAKxJ5.NVn8uJ.VmmO/fdCA8IPNs9m', 'Việt Huy', 'Đào', '0668488581', 'hideonbush17@gmail.com', '58 Trần Phú, Thanh Khê, Đà Nẵng', 'user6.jpg', 1, '2023-08-04 08:13:41', NULL),
('client1', '$2y$10$ilFw0VNgf3sHZs.PYi0phuwSuIZb/5GOTwoa98N7EAQAp.z35nN2K', 'Nguyên Huy', 'Lê', '0306454460', 'chimsedinang20@gmail.com', '25 Hùng Vương, Buôn Đôn, Đắk Lắk', 'user5.jpg', 0, '2023-08-04 08:13:40', NULL),
('client2', '$2y$10$Z5LCVPJnDZwLnnKueCCIEOZsilejs.d0u8NMqPqG7zWiftybs6pF.', 'Ngọc Hưng', 'Đào', '0437105488', 'hideonbush29@gmail.com', '88 Nguyễn Huệ, Ngũ Hành Sơn, Đà Nẵng', 'user6.jpg', 0, '2023-08-04 08:13:40', NULL),
('client4', '$2y$10$dV6DtVu0m9eOCPikZzD.hubhpsm/5ivL.2cHTg9tLUBT6HQDY29cC', 'Ngọc Vỹ', 'Trần', '0525525267', 'hochiminh17@gmail.com', '37 Ngô Quyền, Hoàn Kiếm, Hà Nội', 'user5.jpg', 1, '2023-08-04 08:13:40', NULL),
('client6', '$2y$10$Br7O7XnFMYi2pOwOd2HKgOFFfEr70sOwYpJ3U2oeRa3M7Tdm29Qb.', 'Gia Vỹ', 'Nguyễn', '0688240618', 'fpoly28@gmail.com', '11 Lenin, Cẩm Lệ, Đà Nẵng', 'user3.jpg', 0, '2023-08-04 08:13:40', NULL);

--
-- Chỉ mục cho các bảng đã đổ
--

--
-- Chỉ mục cho bảng `db_bill`
--
ALTER TABLE `db_bill`
  ADD PRIMARY KEY (`id_bill`),
  ADD KEY `id_user` (`id_user`),
  ADD KEY `id_customer` (`id_customer`);

--
-- Chỉ mục cho bảng `db_bill_detail`
--
ALTER TABLE `db_bill_detail`
  ADD PRIMARY KEY (`id_bill_detail`),
  ADD KEY `id_bill` (`id_bill`),
  ADD KEY `id_product` (`id_product`);

--
-- Chỉ mục cho bảng `db_comment`
--
ALTER TABLE `db_comment`
  ADD PRIMARY KEY (`id_comment`),
  ADD KEY `id_user` (`id_user`),
  ADD KEY `id_product` (`id_product`);

--
-- Chỉ mục cho bảng `db_customer`
--
ALTER TABLE `db_customer`
  ADD PRIMARY KEY (`id_customer`);

--
-- Chỉ mục cho bảng `db_image_product`
--
ALTER TABLE `db_image_product`
  ADD PRIMARY KEY (`id_image_product`),
  ADD KEY `id_product` (`id_product`);

--
-- Chỉ mục cho bảng `db_product`
--
ALTER TABLE `db_product`
  ADD PRIMARY KEY (`id_product`),
  ADD KEY `id_type` (`id_type`);

--
-- Chỉ mục cho bảng `db_rate`
--
ALTER TABLE `db_rate`
  ADD PRIMARY KEY (`id_rate`),
  ADD KEY `id_user` (`id_user`),
  ADD KEY `id_product` (`id_product`);

--
-- Chỉ mục cho bảng `db_type`
--
ALTER TABLE `db_type`
  ADD PRIMARY KEY (`id_type`);

--
-- Chỉ mục cho bảng `db_user`
--
ALTER TABLE `db_user`
  ADD PRIMARY KEY (`id_user`);

--
-- AUTO_INCREMENT cho các bảng đã đổ
--

--
-- AUTO_INCREMENT cho bảng `db_bill`
--
ALTER TABLE `db_bill`
  MODIFY `id_bill` int(11) NOT NULL AUTO_INCREMENT, AUTO_INCREMENT=21;

--
-- AUTO_INCREMENT cho bảng `db_bill_detail`
--
ALTER TABLE `db_bill_detail`
  MODIFY `id_bill_detail` int(11) NOT NULL AUTO_INCREMENT, AUTO_INCREMENT=33;

--
-- AUTO_INCREMENT cho bảng `db_comment`
--
ALTER TABLE `db_comment`
  MODIFY `id_comment` int(11) NOT NULL AUTO_INCREMENT, AUTO_INCREMENT=1001;

--
-- AUTO_INCREMENT cho bảng `db_customer`
--
ALTER TABLE `db_customer`
  MODIFY `id_customer` int(11) NOT NULL AUTO_INCREMENT, AUTO_INCREMENT=21;

--
-- AUTO_INCREMENT cho bảng `db_image_product`
--
ALTER TABLE `db_image_product`
  MODIFY `id_image_product` int(11) NOT NULL AUTO_INCREMENT, AUTO_INCREMENT=151;

--
-- AUTO_INCREMENT cho bảng `db_product`
--
ALTER TABLE `db_product`
  MODIFY `id_product` int(11) NOT NULL AUTO_INCREMENT, AUTO_INCREMENT=51;

--
-- AUTO_INCREMENT cho bảng `db_rate`
--
ALTER TABLE `db_rate`
  MODIFY `id_rate` int(11) NOT NULL AUTO_INCREMENT, AUTO_INCREMENT=41;

--
-- AUTO_INCREMENT cho bảng `db_type`
--
ALTER TABLE `db_type`
  MODIFY `id_type` int(11) NOT NULL AUTO_INCREMENT, AUTO_INCREMENT=6;

--
-- Các ràng buộc cho các bảng đã đổ
--

--
-- Các ràng buộc cho bảng `db_bill_detail`
--
ALTER TABLE `db_bill_detail`
  ADD CONSTRAINT `db_bill_detail_ibfk_1` FOREIGN KEY (`id_bill`) REFERENCES `db_bill` (`id_bill`) ON DELETE CASCADE ON UPDATE CASCADE,
  ADD CONSTRAINT `db_bill_detail_ibfk_2` FOREIGN KEY (`id_product`) REFERENCES `db_product` (`id_product`) ON DELETE CASCADE ON UPDATE CASCADE;

--
-- Các ràng buộc cho bảng `db_comment`
--
ALTER TABLE `db_comment`
  ADD CONSTRAINT `db_comment_ibfk_1` FOREIGN KEY (`id_user`) REFERENCES `db_user` (`id_user`) ON DELETE CASCADE ON UPDATE CASCADE,
  ADD CONSTRAINT `db_comment_ibfk_2` FOREIGN KEY (`id_product`) REFERENCES `db_product` (`id_product`) ON DELETE CASCADE ON UPDATE CASCADE;

--
-- Các ràng buộc cho bảng `db_image_product`
--
ALTER TABLE `db_image_product`
  ADD CONSTRAINT `db_image_product_ibfk_1` FOREIGN KEY (`id_product`) REFERENCES `db_product` (`id_product`) ON DELETE CASCADE ON UPDATE CASCADE;

--
-- Các ràng buộc cho bảng `db_product`
--
ALTER TABLE `db_product`
  ADD CONSTRAINT `db_product_ibfk_1` FOREIGN KEY (`id_type`) REFERENCES `db_type` (`id_type`) ON DELETE CASCADE ON UPDATE CASCADE;

--
-- Các ràng buộc cho bảng `db_rate`
--
ALTER TABLE `db_rate`
  ADD CONSTRAINT `db_rate_ibfk_1` FOREIGN KEY (`id_product`) REFERENCES `db_product` (`id_product`) ON DELETE CASCADE ON UPDATE CASCADE,
  ADD CONSTRAINT `db_rate_ibfk_2` FOREIGN KEY (`id_user`) REFERENCES `db_user` (`id_user`) ON DELETE CASCADE ON UPDATE CASCADE;
COMMIT;

/*!40101 SET CHARACTER_SET_CLIENT=@OLD_CHARACTER_SET_CLIENT */;
/*!40101 SET CHARACTER_SET_RESULTS=@OLD_CHARACTER_SET_RESULTS */;
/*!40101 SET COLLATION_CONNECTION=@OLD_COLLATION_CONNECTION */;
